run,id,pop,rep,trt,7DAT_control_%,14DAT_control_%,21DAT_control_%,Biomass_21DAT_g,Biomass_reduction_%
1,1,1,1,1x Gly,90,100,100,,100.0
1,2,1,2,1x Gly,10,25,25,0.18,63.5
1,3,1,3,1x Gly,0,15,20,0.22,55.3
1,4,1,4,1x Gly,5,15,15,0.23,53.3
1,5,1,5,1x Gly,10,15,15,0.21,57.4
1,6,1,6,1x Gly,10,5,5,0.29,41.1
1,7,1,1,3x Gly,25,40,40,0.13,74.1
1,8,1,2,3x Gly,25,40,45,0.10,79.7
1,9,1,3,3x Gly,10,15,15,0.16,67.5
1,10,1,4,3x Gly,90,100,100,,100.0
1,11,1,5,3x Gly,5,10,10,0.17,65.5
1,12,1,6,3x Gly,10,100,100,0.00,100.0
1,13,1,1,Mesot,20,95,100,,100.0
1,14,1,2,Mesot,25,100,100,,100.0
1,15,1,3,Mesot,25,100,100,,100.0
1,16,1,4,Mesot,25,100,100,,100.0
1,17,1,5,Mesot,15,100,100,,100.0
1,18,1,6,Mesot,20,95,100,,100.0
1,19,1,1,"2,4-D",40,60,60,0.07,86.3
1,20,1,2,"2,4-D",45,60,70,0.12,75.6
1,21,1,3,"2,4-D",40,65,65,,100.0
1,22,1,4,"2,4-D",50,70,85,,100.0
1,23,1,5,"2,4-D",40,60,60,0.10,79.7
1,24,1,6,"2,4-D",45,60,60,0.15,69.5
1,25,1,1,Dicam,50,70,95,,100.0
1,26,1,2,Dicam,45,80,100,,100.0
1,27,1,3,Dicam,45,80,100,,100.0
1,28,1,4,Dicam,40,90,100,,100.0
1,29,1,5,Dicam,50,90,100,,100.0
1,30,1,6,Dicam,45,75,100,,100.0
1,31,1,1,Gluf,100,100,100,,100.0
1,32,1,2,Gluf,100,100,100,,100.0
1,33,1,3,Gluf,85,100,100,,100.0
1,34,1,4,Gluf,85,100,100,,100.0
1,35,1,5,Gluf,95,100,100,,100.0
1,36,1,6,Gluf,85,100,100,,100.0
1,37,1,1,Atraz,80,100,100,,100.0
1,38,1,2,Atraz,95,100,100,,100.0
1,39,1,3,Atraz,80,100,100,,100.0
1,40,1,4,Atraz,90,100,100,,100.0
1,41,1,5,Atraz,90,100,100,,100.0
1,42,1,6,Atraz,85,100,100,,100.0
1,43,1,1,Imaz,0,0,0,0.41,17.3
1,44,1,2,Imaz,0,0,0,0.58,-17.3
1,45,1,3,Imaz,5,0,0,0.42,14.7
1,46,1,4,Imaz,0,15,15,0.32,35.0
1,47,1,5,Imaz,0,10,10,0.25,49.2
1,48,1,6,Imaz,0,0,0,0.46,7.1
1,49,1,1,Paraq,100,100,100,,100.0
1,50,1,2,Paraq,100,100,100,,100.0
1,51,1,3,Paraq,100,100,100,,100.0
1,52,1,4,Paraq,100,100,100,,100.0
1,53,1,5,Paraq,100,100,100,,100.0
1,54,1,6,Paraq,100,100,100,,100.0
1,55,1,1,Saflu,100,100,100,,100.0
1,56,1,2,Saflu,100,100,100,,100.0
1,57,1,3,Saflu,100,100,100,,100.0
1,58,1,4,Saflu,100,100,100,,100.0
1,59,1,5,Saflu,100,100,100,,100.0
1,60,1,6,Saflu,100,100,100,,100.0
1,61,1,1,Check,0,0,0,0.65,
1,62,1,2,Check,0,0,0,0.26,
1,63,1,3,Check,0,0,0,0.64,
1,64,1,4,Check,0,0,0,0.33,
1,65,1,5,Check,0,0,0,0.42,
1,66,1,6,Check,0,0,0,0.67,
1,67,2,1,1x Gly,0,0,0,0.40,53.1
1,68,2,2,1x Gly,0,0,0,0.59,30.9
1,69,2,3,1x Gly,0,0,0,0.87,-2.0
1,70,2,4,1x Gly,0,0,0,0.45,47.3
1,71,2,5,1x Gly,0,0,0,0.59,30.9
1,72,2,6,1x Gly,0,0,0,0.41,52.0
1,73,2,1,3x Gly,0,10,10,0.32,62.5
1,74,2,2,3x Gly,30,90,100,0.03,96.5
1,75,2,3,3x Gly,40,85,85,0.05,94.1
1,76,2,4,3x Gly,5,0,0,0.51,40.2
1,77,2,5,3x Gly,10,0,0,0.45,47.3
1,78,2,6,3x Gly,5,0,0,0.44,48.4
1,79,2,1,Mesot,20,100,100,,100.0
1,80,2,2,Mesot,30,80,100,,100.0
1,81,2,3,Mesot,20,95,100,,100.0
1,82,2,4,Mesot,25,85,100,,100.0
1,83,2,5,Mesot,30,95,100,,100.0
1,84,2,6,Mesot,30,85,100,,100.0
1,85,2,1,"2,4-D",45,70,75,0.13,84.8
1,86,2,2,"2,4-D",40,70,75,0.20,76.6
1,87,2,3,"2,4-D",45,70,80,,100.0
1,88,2,4,"2,4-D",40,65,60,0.10,88.3
1,89,2,5,"2,4-D",50,70,70,0.07,91.8
1,90,2,6,"2,4-D",50,75,80,0.02,97.7
1,91,2,1,Dicam,40,75,100,,100.0
1,92,2,2,Dicam,40,80,100,,100.0
1,93,2,3,Dicam,40,85,95,,100.0
1,94,2,4,Dicam,40,75,100,,100.0
1,95,2,5,Dicam,40,75,95,,100.0
1,96,2,6,Dicam,40,75,80,,100.0
1,97,2,1,Gluf,85,100,100,,100.0
1,98,2,2,Gluf,85,100,100,,100.0
1,99,2,3,Gluf,80,100,100,,100.0
1,100,2,4,Gluf,85,100,100,,100.0
1,101,2,5,Gluf,80,100,100,,100.0
1,102,2,6,Gluf,85,100,100,,100.0
1,103,2,1,Atraz,85,100,100,,100.0
1,104,2,2,Atraz,80,100,100,,100.0
1,105,2,3,Atraz,90,100,100,,100.0
1,106,2,4,Atraz,90,100,100,,100.0
1,107,2,5,Atraz,95,100,100,,100.0
1,108,2,6,Atraz,90,100,100,,100.0
1,109,2,1,Imaz,20,15,15,0.31,64.0
1,110,2,2,Imaz,10,0,0,0.40,53.4
1,111,2,3,Imaz,20,10,10,0.32,62.5
1,112,2,4,Imaz,15,15,15,0.29,66.3
1,113,2,5,Imaz,15,0,0,0.41,52.0
1,114,2,6,Imaz,15,30,35,0.22,74.2
1,115,2,1,Paraq,100,100,100,,100.0
1,116,2,2,Paraq,100,100,100,,100.0
1,117,2,3,Paraq,100,100,100,,100.0
1,118,2,4,Paraq,100,100,100,,100.0
1,119,2,5,Paraq,100,100,100,,100.0
1,120,2,6,Paraq,100,100,100,,100.0
1,121,2,1,Saflu,100,100,100,,100.0
1,122,2,2,Saflu,100,100,100,,100.0
1,123,2,3,Saflu,100,100,100,,100.0
1,124,2,4,Saflu,100,100,100,,100.0
1,125,2,5,Saflu,100,100,100,,100.0
1,126,2,6,Saflu,100,100,100,,100.0
1,127,2,1,Check,0,0,0,0.89,
1,128,2,2,Check,0,0,0,1.02,
1,129,2,3,Check,0,0,0,0.74,
1,130,2,4,Check,0,0,0,1.01,
1,131,2,5,Check,0,0,0,0.62,
1,132,2,6,Check,0,0,0,0.85,
1,133,3,1,1x Gly,0,5,5,0.26,34.3
1,134,3,2,1x Gly,0,0,0,0.37,6.5
1,135,3,3,1x Gly,0,0,0,0.39,1.5
1,136,3,4,1x Gly,10,10,10,0.24,39.4
1,137,3,5,1x Gly,0,0,0,0.79,-99.6
1,138,3,6,1x Gly,5,10,10,0.25,36.8
1,139,3,1,3x Gly,5,5,5,0.33,16.6
1,140,3,2,3x Gly,100,100,100,,100.0
1,141,3,3,3x Gly,5,5,5,0.36,9.1
1,142,3,4,3x Gly,0,0,0,0.29,26.7
1,143,3,5,3x Gly,20,40,40,0.16,59.6
1,144,3,6,3x Gly,10,10,15,0.24,39.4
1,145,3,1,Mesot,35,90,100,,100.0
1,146,3,2,Mesot,30,100,100,,100.0
1,147,3,3,Mesot,30,85,100,,100.0
1,148,3,4,Mesot,35,75,100,,100.0
1,149,3,5,Mesot,30,100,100,,100.0
1,150,3,6,Mesot,20,100,100,,100.0
1,151,3,1,"2,4-D",45,70,95,0.00,100.0
1,152,3,2,"2,4-D",55,70,75,0.06,84.8
1,153,3,3,"2,4-D",40,75,85,,100.0
1,154,3,4,"2,4-D",60,85,95,,100.0
1,155,3,5,"2,4-D",60,80,85,0.09,77.3
1,156,3,6,"2,4-D",50,70,70,,100.0
1,157,3,1,Dicam,50,70,95,,100.0
1,158,3,2,Dicam,60,75,100,,100.0
1,159,3,3,Dicam,40,80,95,,100.0
1,160,3,4,Dicam,45,75,95,,100.0
1,161,3,5,Dicam,45,80,85,,100.0
1,162,3,6,Dicam,50,75,90,,100.0
1,163,3,1,Gluf,80,100,100,,100.0
1,164,3,2,Gluf,95,100,100,,100.0
1,165,3,3,Gluf,90,100,100,,100.0
1,166,3,4,Gluf,85,100,100,0.00,100.0
1,167,3,5,Gluf,85,100,100,,100.0
1,168,3,6,Gluf,100,100,100,,100.0
1,169,3,1,Atraz,95,100,100,,100.0
1,170,3,2,Atraz,90,100,100,,100.0
1,171,3,3,Atraz,95,100,100,,100.0
1,172,3,4,Atraz,80,100,100,,100.0
1,173,3,5,Atraz,90,100,100,,100.0
1,174,3,6,Atraz,90,100,100,,100.0
1,175,3,1,Imaz,15,10,10,0.23,41.9
1,176,3,2,Imaz,10,15,15,0.18,54.5
1,177,3,3,Imaz,10,20,20,0.20,50.1
1,178,3,4,Imaz,10,15,15,,100.0
1,179,3,5,Imaz,15,15,15,0.20,49.5
1,180,3,6,Imaz,15,20,20,0.20,50.1
1,181,3,1,Paraq,100,100,100,,100.0
1,182,3,2,Paraq,100,100,100,,100.0
1,183,3,3,Paraq,100,100,100,,100.0
1,184,3,4,Paraq,100,100,100,,100.0
1,185,3,5,Paraq,100,100,100,,100.0
1,186,3,6,Paraq,100,100,100,,100.0
1,187,3,1,Saflu,100,100,100,,100.0
1,188,3,2,Saflu,100,100,100,,100.0
1,189,3,3,Saflu,100,100,100,,100.0
1,190,3,4,Saflu,100,100,100,,100.0
1,191,3,5,Saflu,100,100,100,,100.0
1,192,3,6,Saflu,100,100,100,,100.0
1,193,3,1,Check,0,0,0,0.46,
1,194,3,2,Check,0,0,0,0.29,
1,195,3,3,Check,0,0,0,0.32,
1,196,3,4,Check,0,0,0,0.23,
1,197,3,5,Check,0,0,0,0.44,
1,198,3,6,Check,0,0,0,0.65,
1,199,4,1,1x Gly,25,80,80,0.16,82.8
1,200,4,2,1x Gly,30,95,100,,100.0
1,201,4,3,1x Gly,30,85,90,0.02,97.8
1,202,4,4,1x Gly,40,90,100,0.01,98.9
1,203,4,5,1x Gly,20,65,70,0.03,96.8
1,204,4,6,1x Gly,60,100,100,,100.0
1,205,4,1,3x Gly,70,95,100,,100.0
1,206,4,2,3x Gly,80,100,100,,100.0
1,207,4,3,3x Gly,90,100,100,,100.0
1,208,4,4,3x Gly,80,100,100,,100.0
1,209,4,5,3x Gly,75,100,100,,100.0
1,210,4,6,3x Gly,100,100,100,,100.0
1,211,4,1,Mesot,20,70,100,0.11,88.2
1,212,4,2,Mesot,25,95,100,,100.0
1,213,4,3,Mesot,25,90,100,,100.0
1,214,4,4,Mesot,25,80,100,,100.0
1,215,4,5,Mesot,20,95,100,,100.0
1,216,4,6,Mesot,25,100,100,,100.0
1,217,4,1,"2,4-D",45,70,85,,100.0
1,218,4,2,"2,4-D",45,75,100,,100.0
1,219,4,3,"2,4-D",50,65,90,0.02,97.8
1,220,4,4,"2,4-D",40,60,75,0.11,88.2
1,221,4,5,"2,4-D",55,75,75,0.09,90.3
1,222,4,6,"2,4-D",40,70,70,0.20,78.5
1,223,4,1,Dicam,45,70,100,,100.0
1,224,4,2,Dicam,40,85,100,0.06,93.5
1,225,4,3,Dicam,40,80,100,,100.0
1,226,4,4,Dicam,45,75,95,,100.0
1,227,4,5,Dicam,50,100,100,,100.0
1,228,4,6,Dicam,45,85,100,,100.0
1,229,4,1,Gluf,80,100,100,,100.0
1,230,4,2,Gluf,70,100,100,,100.0
1,231,4,3,Gluf,70,100,100,,100.0
1,232,4,4,Gluf,80,100,100,,100.0
1,233,4,5,Gluf,80,100,100,,100.0
1,234,4,6,Gluf,75,100,100,,100.0
1,235,4,1,Atraz,80,100,100,,100.0
1,236,4,2,Atraz,90,100,100,,100.0
1,237,4,3,Atraz,85,100,100,,100.0
1,238,4,4,Atraz,85,100,100,,100.0
1,239,4,5,Atraz,95,100,100,,100.0
1,240,4,6,Atraz,75,100,100,,100.0
1,241,4,1,Imaz,5,0,0,0.44,52.7
1,242,4,2,Imaz,5,10,10,0.49,47.3
1,243,4,3,Imaz,0,0,0,0.69,25.8
1,244,4,4,Imaz,20,20,20,0.26,72.3
1,245,4,5,Imaz,10,10,10,,100.0
1,246,4,6,Imaz,5,0,0,0.47,49.7
1,247,4,1,Paraq,100,100,100,,100.0
1,248,4,2,Paraq,100,100,100,,100.0
1,249,4,3,Paraq,100,100,100,,100.0
1,250,4,4,Paraq,100,100,100,,100.0
1,251,4,5,Paraq,100,100,100,,100.0
1,252,4,6,Paraq,100,100,100,,100.0
1,253,4,1,Saflu,100,100,100,,100.0
1,254,4,2,Saflu,100,100,100,,100.0
1,255,4,3,Saflu,100,100,100,,100.0
1,256,4,4,Saflu,100,100,100,,100.0
1,257,4,5,Saflu,100,100,100,,100.0
1,258,4,6,Saflu,100,100,100,,100.0
1,259,4,1,Check,0,0,0,1.20,
1,260,4,2,Check,0,0,0,0.69,
1,261,4,3,Check,0,0,0,0.58,
1,262,4,4,Check,0,0,0,1.10,
1,263,4,5,Check,0,0,0,0.99,
1,264,4,6,Check,0,0,0,1.02,
1,265,5,1,1x Gly,20,100,100,0.00,100.0
1,266,5,2,1x Gly,10,25,30,0.05,66.4
1,267,5,3,1x Gly,0,0,0,0.17,-14.3
1,268,5,4,1x Gly,0,0,0,0.14,5.9
1,269,5,5,1x Gly,20,100,100,0.00,100.0
1,270,5,6,1x Gly,20,10,10,,100.0
1,271,5,1,3x Gly,30,40,45,0.02,86.6
1,272,5,2,3x Gly,50,100,100,0.00,100.0
1,273,5,3,3x Gly,100,100,100,,100.0
1,274,5,4,3x Gly,80,100,100,,100.0
1,275,5,5,3x Gly,80,100,100,,100.0
1,276,5,6,3x Gly,20,20,20,0.04,73.1
1,277,5,1,Mesot,35,95,100,,100.0
1,278,5,2,Mesot,40,100,100,,100.0
1,279,5,3,Mesot,40,95,100,,100.0
1,280,5,4,Mesot,30,95,100,,100.0
1,281,5,5,Mesot,40,100,100,,100.0
1,282,5,6,Mesot,30,100,100,,100.0
1,283,5,1,"2,4-D",60,100,100,,100.0
1,284,5,2,"2,4-D",50,75,90,0.05,66.4
1,285,5,3,"2,4-D",55,90,90,0.00,100.0
1,286,5,4,"2,4-D",55,70,80,0.06,59.7
1,287,5,5,"2,4-D",60,100,100,,100.0
1,288,5,6,"2,4-D",50,65,70,0.07,52.9
1,289,5,1,Dicam,80,100,100,,100.0
1,290,5,2,Dicam,70,100,100,,100.0
1,291,5,3,Dicam,80,100,100,,100.0
1,292,5,4,Dicam,90,100,100,,100.0
1,293,5,5,Dicam,90,100,100,,100.0
1,294,5,6,Dicam,65,85,90,0.03,79.8
1,295,5,1,Gluf,100,100,100,,100.0
1,296,5,2,Gluf,100,100,100,,100.0
1,297,5,3,Gluf,95,100,100,,100.0
1,298,5,4,Gluf,100,100,100,,100.0
1,299,5,5,Gluf,95,100,100,,100.0
1,300,5,6,Gluf,100,100,100,,100.0
1,301,5,1,Atraz,100,100,100,,100.0
1,302,5,2,Atraz,95,100,100,,100.0
1,303,5,3,Atraz,100,100,100,,100.0
1,304,5,4,Atraz,100,100,100,,100.0
1,305,5,5,Atraz,95,100,100,,100.0
1,306,5,6,Atraz,95,100,100,,100.0
1,307,5,1,Imaz,5,10,15,0.02,86.6
1,308,5,2,Imaz,5,10,15,0.07,52.9
1,309,5,3,Imaz,10,20,20,0.05,66.4
1,310,5,4,Imaz,5,15,20,0.07,52.9
1,311,5,5,Imaz,5,10,10,0.08,46.2
1,312,5,6,Imaz,10,10,10,0.04,73.1
1,313,5,1,Paraq,100,100,100,,100.0
1,314,5,2,Paraq,100,100,100,,100.0
1,315,5,3,Paraq,100,100,100,,100.0
1,316,5,4,Paraq,100,100,100,,100.0
1,317,5,5,Paraq,100,100,100,,100.0
1,318,5,6,Paraq,100,100,100,,100.0
1,319,5,1,Saflu,100,100,100,,100.0
1,320,5,2,Saflu,100,100,100,,100.0
1,321,5,3,Saflu,100,100,100,,100.0
1,322,5,4,Saflu,100,100,100,,100.0
1,323,5,5,Saflu,100,100,100,,100.0
1,324,5,6,Saflu,100,100,100,,100.0
1,325,5,1,Check,0,0,0,0.09,
1,326,5,2,Check,0,0,0,0.16,
1,327,5,3,Check,0,0,0,0.18,
1,328,5,4,Check,0,0,0,0.20,
1,329,5,5,Check,0,0,0,0.09,
1,330,5,6,Check,0,0,0,0.18,
1,331,7,1,1x Gly,0,0,0,0.13,-138.2
1,332,7,2,1x Gly,15,10,20,0.00,100.0
1,333,7,3,1x Gly,80,100,100,,100.0
1,334,7,4,1x Gly,15,10,15,0.10,-83.2
1,335,7,5,1x Gly,100,100,100,,100.0
1,336,7,6,1x Gly,15,5,10,0.11,-101.5
1,337,7,1,3x Gly,100,100,100,,100.0
1,338,7,2,3x Gly,100,100,100,,100.0
1,339,7,3,3x Gly,100,100,100,,100.0
1,340,7,4,3x Gly,80,100,100,,100.0
1,341,7,5,3x Gly,90,100,100,,100.0
1,342,7,6,3x Gly,5,20,20,0.07,-28.2
1,349,7,1,"2,4-D",80,100,100,,100.0
1,350,7,2,"2,4-D",100,100,100,,100.0
1,351,7,3,"2,4-D",60,85,95,0.00,100.0
1,352,7,4,"2,4-D",60,90,100,,100.0
1,353,7,5,"2,4-D",100,100,100,,100.0
1,354,7,6,"2,4-D",70,100,100,,100.0
1,357,7,3,Dicam,75,100,100,,100.0
1,358,7,4,Dicam,60,90,95,,100.0
1,359,7,5,Dicam,80,85,100,,100.0
1,360,7,6,Dicam,70,85,100,,100.0
1,385,7,1,Saflu,100,100,100,,100.0
1,386,7,2,Saflu,100,100,100,,100.0
1,387,7,3,Saflu,100,100,100,,100.0
1,388,7,4,Saflu,100,100,100,,100.0
1,389,7,5,Saflu,100,100,100,,100.0
1,390,7,6,Saflu,100,100,100,,100.0
1,391,7,1,Check,0,0,0,0.06,
1,392,7,2,Check,0,0,0,0.08,
1,393,7,3,Check,0,0,0,0.05,
1,394,7,4,Check,0,0,0,0.03,
1,395,7,5,Check,0,0,0,0.03,
1,396,7,6,Check,0,0,0,0.08,
1,397,9,1,1x Gly,5,15,20,0.07,54.2
1,398,9,2,1x Gly,20,100,100,0.00,100.0
1,399,9,3,1x Gly,10,20,25,0.17,-11.2
1,400,9,4,1x Gly,100,100,100,,100.0
1,401,9,5,1x Gly,80,100,100,,100.0
1,402,9,6,1x Gly,10,30,35,,100.0
1,403,9,1,3x Gly,100,100,100,,100.0
1,404,9,2,3x Gly,5,70,70,0.00,100.0
1,405,9,3,3x Gly,10,30,35,,100.0
1,406,9,4,3x Gly,20,100,100,,100.0
1,407,9,5,3x Gly,60,100,100,,100.0
1,408,9,6,3x Gly,30,100,100,,100.0
1,409,9,1,Mesot,20,100,100,,100.0
1,410,9,2,Mesot,80,100,100,,100.0
1,411,9,3,Mesot,80,100,100,,100.0
1,412,9,4,Mesot,25,100,100,,100.0
1,413,9,5,Mesot,40,100,100,,100.0
1,414,9,6,Mesot,80,100,100,,100.0
1,415,9,1,"2,4-D",70,75,80,0.03,80.4
1,416,9,2,"2,4-D",60,90,100,,100.0
1,417,9,3,"2,4-D",80,100,100,,100.0
1,418,9,4,"2,4-D",100,100,100,,100.0
1,419,9,5,"2,4-D",100,100,100,,100.0
1,420,9,6,"2,4-D",60,95,100,,100.0
1,421,9,1,Dicam,50,90,100,,100.0
1,422,9,2,Dicam,65,100,100,,100.0
1,423,9,3,Dicam,50,80,100,,100.0
1,424,9,4,Dicam,40,85,95,,100.0
1,427,9,1,Gluf,95,100,100,,100.0
1,428,9,2,Gluf,95,100,100,,100.0
1,429,9,3,Gluf,95,100,100,,100.0
1,430,9,4,Gluf,100,100,100,,100.0
1,431,9,5,Gluf,100,100,100,,100.0
1,432,9,6,Gluf,100,100,100,,100.0
1,433,9,1,Atraz,100,100,100,,100.0
1,434,9,2,Atraz,100,100,100,,100.0
1,435,9,3,Atraz,100,100,100,,100.0
1,436,9,4,Atraz,100,100,100,,100.0
1,437,9,5,Atraz,100,100,100,,100.0
1,438,9,6,Atraz,100,100,100,,100.0
1,439,9,1,Imaz,5,15,20,0.03,80.4
1,440,9,2,Imaz,10,15,20,0.03,80.4
1,441,9,3,Imaz,15,15,20,0.02,86.9
1,442,9,4,Imaz,10,5,10,0.09,41.1
1,443,9,5,Imaz,10,15,20,,100.0
1,444,9,6,Imaz,10,15,20,0.03,80.4
1,445,9,1,Paraq,100,100,100,,100.0
1,446,9,2,Paraq,100,100,100,,100.0
1,447,9,3,Paraq,100,100,100,,100.0
1,448,9,4,Paraq,100,100,100,,100.0
1,449,9,5,Paraq,100,100,100,,100.0
1,450,9,6,Paraq,100,100,100,,100.0
1,451,9,1,Saflu,100,100,100,,100.0
1,452,9,2,Saflu,100,100,100,,100.0
1,453,9,3,Saflu,100,100,100,,100.0
1,454,9,4,Saflu,100,100,100,,100.0
1,455,9,5,Saflu,100,100,100,,100.0
1,456,9,6,Saflu,100,100,100,,100.0
1,457,9,1,Check,0,0,0,0.10,
1,458,9,2,Check,0,0,0,0.11,
1,459,9,3,Check,0,0,0,0.26,
1,460,9,4,Check,0,0,0,0.22,
1,461,9,5,Check,0,0,0,0.21,
1,462,9,6,Check,0,0,0,0.03,
1,463,10,1,1x Gly,0,0,0,0.16,68.3
1,464,10,2,1x Gly,0,0,0,0.37,26.7
1,465,10,3,1x Gly,0,0,0,0.92,-82.3
1,466,10,4,1x Gly,0,0,5,0.31,38.6
1,467,10,5,1x Gly,0,0,5,0.28,44.5
1,468,10,6,1x Gly,0,10,10,0.24,52.4
1,469,10,1,3x Gly,20,15,20,,100.0
1,470,10,2,3x Gly,20,35,35,0.10,80.2
1,471,10,3,3x Gly,25,70,90,0.00,100.0
1,472,10,4,3x Gly,5,0,0,0.53,-5.0
1,473,10,5,3x Gly,15,30,30,0.21,58.4
1,474,10,6,3x Gly,50,100,100,0.00,100.0
1,475,10,1,Mesot,20,95,100,,100.0
1,476,10,2,Mesot,25,80,100,,100.0
1,477,10,3,Mesot,20,80,100,,100.0
1,478,10,4,Mesot,30,80,100,,100.0
1,479,10,5,Mesot,25,100,100,,100.0
1,480,10,6,Mesot,30,100,100,,100.0
1,481,10,1,"2,4-D",40,80,95,0.00,100.0
1,482,10,2,"2,4-D",60,75,85,0.00,100.0
1,483,10,3,"2,4-D",50,80,80,0.03,94.1
1,484,10,4,"2,4-D",50,90,100,0.05,90.1
1,485,10,5,"2,4-D",50,75,75,0.02,96.0
1,486,10,6,"2,4-D",50,80,100,0.00,100.0
1,487,10,1,Dicam,70,100,100,,100.0
1,488,10,2,Dicam,60,70,70,,100.0
1,489,10,3,Dicam,50,70,95,,100.0
1,490,10,4,Dicam,50,70,80,0.06,88.1
1,491,10,5,Dicam,60,80,100,,100.0
1,492,10,6,Dicam,80,100,100,,100.0
1,493,10,1,Gluf,95,100,100,,100.0
1,494,10,2,Gluf,95,100,100,,100.0
1,495,10,3,Gluf,95,100,100,,100.0
1,496,10,4,Gluf,95,100,100,,100.0
1,497,10,5,Gluf,100,100,100,,100.0
1,498,10,6,Gluf,100,100,100,,100.0
1,499,10,1,Atraz,90,100,100,,100.0
1,500,10,2,Atraz,90,100,100,,100.0
1,501,10,3,Atraz,90,100,100,,100.0
1,502,10,4,Atraz,85,100,100,,100.0
1,503,10,5,Atraz,100,100,100,,100.0
1,504,10,6,Atraz,85,100,100,,100.0
1,505,10,1,Imaz,0,0,0,0.78,-54.6
1,506,10,2,Imaz,5,0,0,0.35,30.6
1,507,10,3,Imaz,5,10,10,0.18,64.3
1,508,10,4,Imaz,0,0,0,0.48,4.9
1,509,10,5,Imaz,5,0,0,0.17,66.3
1,510,10,6,Imaz,0,0,0,0.47,6.9
1,511,10,1,Paraq,100,100,100,,100.0
1,512,10,2,Paraq,100,100,100,,100.0
1,513,10,3,Paraq,100,100,100,,100.0
1,514,10,4,Paraq,100,100,100,,100.0
1,515,10,5,Paraq,100,100,100,,100.0
1,516,10,6,Paraq,100,100,100,,100.0
1,517,10,1,Saflu,100,100,100,,100.0
1,518,10,2,Saflu,100,100,100,,100.0
1,519,10,3,Saflu,100,100,100,,100.0
1,520,10,4,Saflu,100,100,100,,100.0
1,521,10,5,Saflu,100,100,100,,100.0
1,522,10,6,Saflu,100,100,100,,100.0
1,523,10,1,Check,0,0,0,0.38,
1,524,10,2,Check,0,0,0,0.82,
1,525,10,3,Check,0,0,0,0.58,
1,526,10,4,Check,0,0,0,0.57,
1,527,10,5,Check,0,0,0,0.32,
1,528,10,6,Check,0,0,0,0.36,
1,529,11,1,1x Gly,0,20,25,0.16,43.4
1,530,11,2,1x Gly,5,15,15,0.19,32.7
1,531,11,3,1x Gly,0,5,10,0.20,29.2
1,532,11,4,1x Gly,5,10,10,0.14,50.4
1,533,11,5,1x Gly,10,30,30,0.08,71.7
1,534,11,6,1x Gly,10,30,35,0.02,92.9
1,535,11,1,3x Gly,30,40,40,0.03,90.3
1,536,11,2,3x Gly,70,100,100,,100.0
1,537,11,3,3x Gly,40,50,65,,100.0
1,538,11,4,3x Gly,30,40,40,,100.0
1,539,11,5,3x Gly,30,45,45,0.04,86.7
1,540,11,6,3x Gly,60,95,95,0.00,100.0
1,541,11,1,Mesot,25,75,100,,100.0
1,542,11,2,Mesot,25,100,100,,100.0
1,543,11,3,Mesot,20,85,100,,100.0
1,544,11,4,Mesot,25,85,100,,100.0
1,545,11,5,Mesot,30,85,100,,100.0
1,546,11,6,Mesot,30,90,100,,100.0
1,547,11,1,"2,4-D",50,70,100,,100.0
1,548,11,2,"2,4-D",60,70,70,,100.0
1,549,11,3,"2,4-D",55,65,70,0.06,78.8
1,550,11,4,"2,4-D",55,65,70,,100.0
1,551,11,5,"2,4-D",60,90,100,,100.0
1,552,11,6,"2,4-D",65,70,85,,100.0
1,553,11,1,Dicam,50,95,100,,100.0
1,554,11,2,Dicam,40,95,100,,100.0
1,555,11,3,Dicam,40,100,100,,100.0
1,556,11,4,Dicam,50,95,100,,100.0
1,557,11,5,Dicam,50,95,100,,100.0
1,558,11,6,Dicam,50,100,100,,100.0
1,559,11,1,Gluf,95,100,100,,100.0
1,560,11,2,Gluf,100,100,100,,100.0
1,561,11,3,Gluf,100,100,100,,100.0
1,562,11,4,Gluf,100,100,100,,100.0
1,563,11,5,Gluf,100,100,100,,100.0
1,564,11,6,Gluf,100,100,100,,100.0
1,565,11,1,Atraz,95,100,100,,100.0
1,566,11,2,Atraz,95,100,100,,100.0
1,567,11,3,Atraz,95,100,100,,100.0
1,568,11,4,Atraz,100,100,100,,100.0
1,569,11,5,Atraz,100,100,100,,100.0
1,570,11,6,Atraz,95,100,100,,100.0
1,571,11,1,Imaz,10,0,0,0.28,0.9
1,572,11,2,Imaz,15,10,10,,100.0
1,573,11,3,Imaz,5,0,0,0.29,-2.7
1,574,11,4,Imaz,10,10,10,0.11,61.1
1,575,11,5,Imaz,10,30,35,0.10,64.6
1,576,11,6,Imaz,5,0,0,0.33,-16.8
1,577,11,1,Paraq,100,100,100,,100.0
1,578,11,2,Paraq,100,100,100,,100.0
1,579,11,3,Paraq,100,100,100,,100.0
1,580,11,4,Paraq,100,100,100,,100.0
1,581,11,5,Paraq,100,100,100,,100.0
1,582,11,6,Paraq,100,100,100,,100.0
1,583,11,1,Saflu,100,100,100,,100.0
1,584,11,2,Saflu,100,100,100,,100.0
1,585,11,3,Saflu,100,100,100,,100.0
1,586,11,4,Saflu,100,100,100,,100.0
1,587,11,5,Saflu,100,100,100,,100.0
1,588,11,6,Saflu,100,100,100,,100.0
1,589,11,1,Check,0,0,0,0.37,
1,590,11,2,Check,0,0,0,0.17,
1,591,11,3,Check,0,0,0,0.48,
1,592,11,4,Check,0,0,0,0.02,
1,593,11,5,Check,0,0,0,,
1,594,11,6,Check,0,0,0,0.38,
1,595,12,1,1x Gly,10,20,25,0.13,58.4
1,596,12,2,1x Gly,0,10,10,0.18,42.4
1,597,12,3,1x Gly,0,5,5,0.38,-21.6
1,598,12,4,1x Gly,0,5,5,0.31,0.8
1,599,12,5,1x Gly,5,5,5,0.29,7.2
1,600,12,6,1x Gly,5,0,0,0.30,4.0
1,601,12,1,3x Gly,30,100,100,,100.0
1,602,12,2,3x Gly,15,40,40,0.04,87.2
1,603,12,3,3x Gly,10,20,20,0.12,61.6
1,604,12,4,3x Gly,10,95,100,0.00,100.0
1,605,12,5,3x Gly,5,90,100,,100.0
1,606,12,6,3x Gly,10,10,10,0.26,16.8
1,607,12,1,Mesot,25,75,100,,100.0
1,608,12,2,Mesot,25,95,100,,100.0
1,609,12,3,Mesot,30,90,100,,100.0
1,610,12,4,Mesot,30,90,100,,100.0
1,611,12,5,Mesot,35,100,100,,100.0
1,612,12,6,Mesot,20,85,100,,100.0
1,613,12,1,"2,4-D",60,75,75,0.04,87.2
1,614,12,2,"2,4-D",65,75,75,0.05,84.0
1,615,12,3,"2,4-D",65,75,80,0.05,84.0
1,616,12,4,"2,4-D",60,85,95,0.00,100.0
1,617,12,5,"2,4-D",60,80,90,0.03,90.4
1,618,12,6,"2,4-D",60,90,100,,100.0
1,619,12,1,Dicam,70,100,100,,100.0
1,620,12,2,Dicam,50,80,100,0.10,68.8
1,621,12,3,Dicam,60,100,100,,100.0
1,622,12,4,Dicam,40,75,95,0.00,100.0
1,623,12,5,Dicam,55,95,100,,100.0
1,624,12,6,Dicam,55,80,100,0.00,100.0
1,625,12,1,Gluf,100,100,100,,100.0
1,626,12,2,Gluf,100,100,100,,100.0
1,627,12,3,Gluf,100,100,100,,100.0
1,628,12,4,Gluf,100,100,100,,100.0
1,629,12,5,Gluf,100,100,100,,100.0
1,630,12,6,Gluf,100,100,100,,100.0
1,631,12,1,Atraz,90,100,100,,100.0
1,632,12,2,Atraz,95,100,100,,100.0
1,633,12,3,Atraz,95,100,100,,100.0
1,634,12,4,Atraz,90,100,100,,100.0
1,635,12,5,Atraz,85,100,100,,100.0
1,636,12,6,Atraz,85,100,100,,100.0
1,637,12,1,Imaz,5,0,0,0.58,-85.6
1,638,12,2,Imaz,15,15,15,0.30,4.0
1,639,12,3,Imaz,15,10,10,,100.0
1,640,12,4,Imaz,15,10,10,0.06,80.8
1,641,12,5,Imaz,0,0,0,0.35,-12.0
1,642,12,6,Imaz,10,0,0,0.06,81.6
1,643,12,1,Paraq,100,100,100,,100.0
1,644,12,2,Paraq,100,100,100,,100.0
1,645,12,3,Paraq,100,100,100,,100.0
1,646,12,4,Paraq,100,100,100,,100.0
1,647,12,5,Paraq,100,100,100,,100.0
1,648,12,6,Paraq,100,100,100,,100.0
1,649,12,1,Saflu,100,100,100,,100.0
1,650,12,2,Saflu,100,100,100,,100.0
1,651,12,3,Saflu,100,100,100,,100.0
1,652,12,4,Saflu,100,100,100,,100.0
1,653,12,5,Saflu,100,100,100,,100.0
1,654,12,6,Saflu,100,100,100,,100.0
1,655,12,1,Check,0,0,0,0.19,
1,656,12,2,Check,0,0,0,0.14,
1,657,12,3,Check,0,0,0,0.56,
1,658,12,4,Check,0,0,0,0.41,
1,659,12,5,Check,0,0,0,0.30,
1,660,12,6,Check,0,0,0,0.28,
1,661,13,1,1x Gly,100,100,100,,100.0
1,662,13,2,1x Gly,5,20,20,0.27,58.2
1,663,13,3,1x Gly,5,10,15,0.23,64.4
1,664,13,4,1x Gly,10,35,40,0.02,96.9
1,665,13,5,1x Gly,5,20,25,0.08,87.6
1,666,13,6,1x Gly,0,0,0,0.45,30.3
1,667,13,1,3x Gly,95,100,100,,100.0
1,668,13,2,3x Gly,30,25,35,0.02,96.9
1,669,13,3,3x Gly,95,100,100,,100.0
1,670,13,4,3x Gly,70,100,100,,100.0
1,671,13,5,3x Gly,95,100,100,,100.0
1,672,13,6,3x Gly,30,20,30,0.04,93.8
1,673,13,1,Mesot,30,80,100,,100.0
1,674,13,2,Mesot,20,85,100,,100.0
1,675,13,3,Mesot,20,90,100,,100.0
1,676,13,4,Mesot,15,100,100,,100.0
1,677,13,5,Mesot,20,80,100,,100.0
1,678,13,6,Mesot,25,75,100,,100.0
1,679,13,1,"2,4-D",60,80,85,0.04,93.8
1,680,13,2,"2,4-D",45,65,65,0.09,86.1
1,681,13,3,"2,4-D",60,70,75,0.05,92.3
1,682,13,4,"2,4-D",50,70,70,0.04,93.8
1,683,13,5,"2,4-D",55,75,75,0.04,93.8
1,684,13,6,"2,4-D",60,80,85,0.02,96.9
1,685,13,1,Dicam,50,75,80,0.14,78.7
1,686,13,2,Dicam,40,70,85,0.05,92.6
1,687,13,3,Dicam,60,100,100,,100.0
1,688,13,4,Dicam,45,80,100,,100.0
1,689,13,5,Dicam,50,75,95,0.05,92.6
1,690,13,6,Dicam,40,75,80,,100.0
1,691,13,1,Gluf,100,100,100,,100.0
1,692,13,2,Gluf,95,100,100,,100.0
1,693,13,3,Gluf,90,100,100,,100.0
1,694,13,4,Gluf,100,100,100,,100.0
1,695,13,5,Gluf,95,100,100,,100.0
1,696,13,6,Gluf,95,100,100,,100.0
1,697,13,1,Atraz,85,100,100,,100.0
1,698,13,2,Atraz,95,100,100,,100.0
1,699,13,3,Atraz,90,100,100,,100.0
1,700,13,4,Atraz,80,100,100,,100.0
1,701,13,5,Atraz,80,100,100,,100.0
1,702,13,6,Atraz,90,100,100,,100.0
1,703,13,1,Imaz,10,20,20,0.24,62.8
1,704,13,2,Imaz,20,0,0,0.53,17.9
1,705,13,3,Imaz,20,25,25,0.16,75.2
1,706,13,4,Imaz,15,25,25,0.34,47.4
1,707,13,5,Imaz,10,0,0,0.48,26.1
1,708,13,6,Imaz,20,20,20,0.23,64.4
1,709,13,1,Paraq,100,100,100,,100.0
1,710,13,2,Paraq,100,100,100,,100.0
1,711,13,3,Paraq,100,100,100,,100.0
1,712,13,4,Paraq,100,100,100,,100.0
1,713,13,5,Paraq,100,100,100,,100.0
1,714,13,6,Paraq,100,100,100,,100.0
1,715,13,1,Saflu,100,100,100,,100.0
1,716,13,2,Saflu,100,100,100,,100.0
1,717,13,3,Saflu,100,100,100,,100.0
1,718,13,4,Saflu,100,100,100,,100.0
1,719,13,5,Saflu,95,100,100,,100.0
1,720,13,6,Saflu,100,100,100,,100.0
1,721,13,1,Check,0,0,0,0.26,
1,722,13,2,Check,0,0,0,1.08,
1,723,13,3,Check,0,0,0,0.52,
1,724,13,4,Check,0,0,0,0.62,
1,725,13,5,Check,0,0,0,0.87,
1,726,13,6,Check,0,0,0,0.54,
1,727,14,1,1x Gly,0,10,10,0.25,60.8
1,728,14,2,1x Gly,0,0,0,0.57,10.6
1,729,14,3,1x Gly,5,0,0,0.43,32.5
1,730,14,4,1x Gly,10,20,25,0.12,81.2
1,731,14,5,1x Gly,0,0,0,0.67,-5.1
1,732,14,6,1x Gly,0,0,0,0.34,46.7
1,733,14,1,3x Gly,30,15,15,0.14,78.0
1,734,14,2,3x Gly,15,20,20,0.20,68.6
1,735,14,3,3x Gly,25,20,20,0.10,84.3
1,736,14,4,3x Gly,20,10,10,0.19,70.2
1,737,14,5,3x Gly,30,20,20,0.16,74.9
1,738,14,6,3x Gly,25,10,10,0.11,82.7
1,739,14,1,Mesot,20,100,100,,100.0
1,740,14,2,Mesot,25,95,100,,100.0
1,741,14,3,Mesot,35,100,100,,100.0
1,742,14,4,Mesot,35,80,100,,100.0
1,743,14,5,Mesot,40,100,100,,100.0
1,744,14,6,Mesot,30,95,100,,100.0
1,745,14,1,"2,4-D",50,80,100,,100.0
1,746,14,2,"2,4-D",55,85,100,,100.0
1,747,14,3,"2,4-D",45,75,100,,100.0
1,748,14,4,"2,4-D",45,80,100,,100.0
1,749,14,5,"2,4-D",50,75,100,,100.0
1,750,14,6,"2,4-D",40,85,100,,100.0
1,751,14,1,Dicam,50,90,100,,100.0
1,752,14,2,Dicam,40,80,100,,100.0
1,753,14,3,Dicam,40,85,100,,100.0
1,754,14,4,Dicam,40,85,100,,100.0
1,755,14,5,Dicam,60,90,100,,100.0
1,756,14,6,Dicam,45,85,95,0.05,92.5
1,757,14,1,Gluf,100,100,100,,100.0
1,758,14,2,Gluf,95,100,100,,100.0
1,759,14,3,Gluf,95,100,100,,100.0
1,760,14,4,Gluf,100,100,100,,100.0
1,761,14,5,Gluf,95,100,100,,100.0
1,762,14,6,Gluf,100,100,100,,100.0
1,763,14,1,Atraz,100,100,100,,100.0
1,764,14,2,Atraz,90,100,100,,100.0
1,765,14,3,Atraz,85,100,100,,100.0
1,766,14,4,Atraz,85,100,100,,100.0
1,767,14,5,Atraz,100,100,100,,100.0
1,768,14,6,Atraz,95,100,100,,100.0
1,769,14,1,Imaz,20,15,15,0.29,54.5
1,770,14,2,Imaz,20,20,20,0.16,74.9
1,771,14,3,Imaz,25,25,25,0.16,74.9
1,772,14,4,Imaz,20,20,25,0.15,76.5
1,773,14,5,Imaz,25,30,30,0.12,81.2
1,774,14,6,Imaz,25,20,20,0.22,65.5
1,775,14,1,Paraq,100,100,100,,100.0
1,776,14,2,Paraq,100,100,100,,100.0
1,777,14,3,Paraq,100,100,100,,100.0
1,778,14,4,Paraq,100,100,100,,100.0
1,779,14,5,Paraq,100,100,100,,100.0
1,780,14,6,Paraq,100,100,100,,100.0
1,781,14,1,Saflu,95,100,100,,100.0
1,782,14,2,Saflu,95,100,100,,100.0
1,783,14,3,Saflu,100,100,100,,100.0
1,784,14,4,Saflu,100,100,100,,100.0
1,785,14,5,Saflu,100,100,100,,100.0
1,786,14,6,Saflu,100,100,100,,100.0
1,787,14,1,Check,0,0,0,0.67,
1,788,14,2,Check,0,0,0,0.56,
1,789,14,3,Check,0,0,0,0.63,
1,790,14,4,Check,0,0,0,0.71,
1,791,14,5,Check,0,0,0,0.74,
1,792,14,6,Check,0,0,0,0.52,
1,793,15,1,1x Gly,5,20,25,0.21,65.0
1,794,15,2,1x Gly,10,0,0,0.46,23.4
1,795,15,3,1x Gly,0,0,0,0.38,36.7
1,796,15,4,1x Gly,0,0,0,0.65,-8.3
1,797,15,5,1x Gly,0,0,0,0.50,16.7
1,798,15,6,1x Gly,5,10,10,0.37,38.4
1,799,15,1,3x Gly,15,30,30,0.14,76.7
1,800,15,2,3x Gly,20,5,5,0.37,38.4
1,801,15,3,3x Gly,5,0,0,0.49,18.4
1,802,15,4,3x Gly,10,0,0,0.32,46.7
1,803,15,5,3x Gly,15,0,0,0.29,51.7
1,804,15,6,3x Gly,20,30,30,0.06,90.0
1,805,15,1,Mesot,30,100,100,,100.0
1,806,15,2,Mesot,35,80,100,,100.0
1,807,15,3,Mesot,35,75,100,,100.0
1,808,15,4,Mesot,40,85,100,,100.0
1,809,15,5,Mesot,30,95,100,,100.0
1,810,15,6,Mesot,25,100,100,,100.0
1,811,15,1,"2,4-D",45,80,95,0.05,91.7
1,812,15,2,"2,4-D",55,80,80,0.03,95.0
1,813,15,3,"2,4-D",50,75,75,0.07,88.3
1,814,15,4,"2,4-D",70,90,100,,100.0
1,815,15,5,"2,4-D",60,75,75,0.09,85.0
1,816,15,6,"2,4-D",55,80,95,0.03,95.0
1,817,15,1,Dicam,45,80,95,,100.0
1,818,15,2,Dicam,55,80,100,,100.0
1,819,15,3,Dicam,45,70,100,,100.0
1,820,15,4,Dicam,50,70,75,,100.0
1,821,15,5,Dicam,50,80,100,,100.0
1,822,15,6,Dicam,45,85,100,,100.0
1,823,15,1,Gluf,90,100,100,,100.0
1,824,15,2,Gluf,100,100,100,,100.0
1,825,15,3,Gluf,100,100,100,,100.0
1,826,15,4,Gluf,95,100,100,,100.0
1,827,15,5,Gluf,100,100,100,,100.0
1,828,15,6,Gluf,95,100,100,,100.0
1,829,15,1,Atraz,80,100,100,,100.0
1,830,15,2,Atraz,80,100,100,,100.0
1,831,15,3,Atraz,95,100,100,,100.0
1,832,15,4,Atraz,90,100,100,,100.0
1,833,15,5,Atraz,90,100,100,,100.0
1,834,15,6,Atraz,90,100,100,,100.0
1,835,15,1,Imaz,5,15,15,0.07,88.3
1,836,15,2,Imaz,5,5,5,0.32,46.7
1,837,15,3,Imaz,5,15,15,0.14,76.7
1,838,15,4,Imaz,15,35,35,0.04,93.3
1,839,15,5,Imaz,10,15,15,0.23,61.7
1,840,15,6,Imaz,0,25,25,0.17,71.7
1,841,15,1,Paraq,100,100,100,,100.0
1,842,15,2,Paraq,100,100,100,,100.0
1,843,15,3,Paraq,100,100,100,,100.0
1,844,15,4,Paraq,100,100,100,,100.0
1,845,15,5,Paraq,100,100,100,,100.0
1,846,15,6,Paraq,100,100,100,,100.0
1,847,15,1,Saflu,100,100,100,,100.0
1,848,15,2,Saflu,100,100,100,,100.0
1,849,15,3,Saflu,100,100,100,,100.0
1,850,15,4,Saflu,100,100,100,,100.0
1,851,15,5,Saflu,100,100,100,,100.0
1,852,15,6,Saflu,100,100,100,,100.0
1,853,15,1,Check,0,0,0,0.54,
1,854,15,2,Check,0,0,0,0.82,
1,855,15,3,Check,0,0,0,0.88,
1,856,15,4,Check,0,0,0,0.50,
1,857,15,5,Check,0,0,0,0.49,
1,858,15,6,Check,0,0,0,0.38,
1,859,16,1,1x Gly,0,15,15,0.24,54.5
1,860,16,2,1x Gly,0,0,0,0.45,14.7
1,861,16,3,1x Gly,5,20,20,,100.0
1,862,16,4,1x Gly,0,20,20,0.11,79.1
1,863,16,5,1x Gly,10,10,15,0.16,69.7
1,864,16,6,1x Gly,5,5,5,0.37,29.9
1,865,16,1,3x Gly,0,0,0,0.47,11.4
1,866,16,2,3x Gly,5,0,0,0.68,-28.4
1,867,16,3,3x Gly,10,5,5,0.23,56.9
1,868,16,4,3x Gly,10,0,0,0.42,20.9
1,869,16,5,3x Gly,5,15,15,0.40,24.6
1,870,16,6,3x Gly,10,10,20,0.19,64.5
1,871,16,1,Mesot,25,80,85,0.10,81.0
1,872,16,2,Mesot,25,90,100,,100.0
1,873,16,3,Mesot,25,75,75,0.04,92.4
1,874,16,4,Mesot,15,75,80,0.12,77.3
1,875,16,5,Mesot,25,80,100,,100.0
1,876,16,6,Mesot,30,85,100,,100.0
1,877,16,1,"2,4-D",60,80,90,,100.0
1,878,16,2,"2,4-D",60,100,100,,100.0
1,879,16,3,"2,4-D",50,65,70,0.03,94.3
1,880,16,4,"2,4-D",60,70,70,,100.0
1,881,16,5,"2,4-D",50,70,75,0.00,100.0
1,882,16,6,"2,4-D",50,70,70,0.03,94.3
1,883,16,1,Dicam,50,90,100,,100.0
1,884,16,2,Dicam,60,70,100,,100.0
1,885,16,3,Dicam,50,75,100,,100.0
1,886,16,4,Dicam,50,75,100,,100.0
1,887,16,5,Dicam,50,75,100,,100.0
1,888,16,6,Dicam,60,70,100,,100.0
1,889,16,1,Gluf,85,100,100,,100.0
1,890,16,2,Gluf,80,100,100,,100.0
1,891,16,3,Gluf,90,100,100,,100.0
1,892,16,4,Gluf,90,100,100,,100.0
1,893,16,5,Gluf,80,100,100,,100.0
1,894,16,6,Gluf,85,100,100,,100.0
1,895,16,1,Atraz,85,100,100,,100.0
1,896,16,2,Atraz,85,100,100,,100.0
1,897,16,3,Atraz,85,100,100,,100.0
1,898,16,4,Atraz,80,100,100,,100.0
1,899,16,5,Atraz,80,100,100,,100.0
1,900,16,6,Atraz,70,100,100,,100.0
1,901,16,1,Imaz,5,0,0,0.67,-27.0
1,902,16,2,Imaz,10,0,0,0.29,45.0
1,903,16,3,Imaz,0,10,10,0.15,71.6
1,904,16,4,Imaz,5,0,0,0.37,29.9
1,905,16,5,Imaz,15,0,0,0.38,28.0
1,906,16,6,Imaz,10,0,0,0.28,46.9
1,907,16,1,Paraq,100,100,100,,100.0
1,908,16,2,Paraq,100,100,100,,100.0
1,909,16,3,Paraq,100,100,100,,100.0
1,910,16,4,Paraq,100,100,100,,100.0
1,911,16,5,Paraq,100,100,100,,100.0
1,912,16,6,Paraq,100,100,100,,100.0
1,913,16,1,Saflu,100,100,100,,100.0
1,914,16,2,Saflu,100,100,100,,100.0
1,915,16,3,Saflu,100,100,100,,100.0
1,916,16,4,Saflu,100,100,100,,100.0
1,917,16,5,Saflu,100,100,100,,100.0
1,918,16,6,Saflu,100,100,100,,100.0
1,919,16,1,Check,0,0,0,0.76,
1,920,16,2,Check,0,0,0,0.77,
1,921,16,3,Check,0,0,0,0.44,
1,922,16,4,Check,0,0,0,0.42,
1,923,16,5,Check,0,0,0,0.31,
1,924,16,6,Check,0,0,0,0.48,
1,925,17,1,1x Gly,10,10,10,0.09,74.3
1,926,17,2,1x Gly,5,25,25,0.18,48.7
1,927,17,3,1x Gly,10,20,25,0.08,77.2
1,928,17,4,1x Gly,5,10,15,0.12,65.8
1,929,17,5,1x Gly,0,0,0,0.24,31.6
1,930,17,6,1x Gly,5,10,15,0.12,65.8
1,931,17,1,3x Gly,20,20,20,0.22,38.0
1,932,17,2,3x Gly,25,70,95,0.00,100.7
1,933,17,3,3x Gly,25,70,85,0.05,86.5
1,934,17,4,3x Gly,20,70,85,0.05,86.5
1,935,17,5,3x Gly,20,60,90,0.00,100.7
1,936,17,6,3x Gly,15,40,45,0.08,77.9
1,937,17,1,Mesot,30,95,100,,100.0
1,938,17,2,Mesot,20,100,100,,100.0
1,939,17,3,Mesot,15,70,100,,100.0
1,940,17,4,Mesot,15,95,100,,100.0
1,941,17,5,Mesot,25,80,100,,100.0
1,942,17,6,Mesot,20,95,100,,100.0
1,943,17,1,"2,4-D",55,75,100,,100.0
1,944,17,2,"2,4-D",60,90,100,,100.0
1,945,17,3,"2,4-D",50,75,100,,100.0
1,946,17,4,"2,4-D",50,85,100,,100.0
1,947,17,5,"2,4-D",50,75,100,,100.0
1,948,17,6,"2,4-D",50,70,90,0.00,100.0
1,949,17,1,Dicam,60,95,100,,100.0
1,950,17,2,Dicam,60,90,100,,100.0
1,951,17,3,Dicam,50,90,100,,100.0
1,952,17,4,Dicam,50,85,100,,100.0
1,953,17,5,Dicam,45,85,100,,100.0
1,954,17,6,Dicam,50,90,100,,100.0
1,955,17,1,Gluf,100,100,100,,100.0
1,956,17,2,Gluf,100,100,100,,100.0
1,957,17,3,Gluf,100,100,100,,100.0
1,958,17,4,Gluf,100,100,100,,100.0
1,959,17,5,Gluf,100,100,100,,100.0
1,960,17,6,Gluf,100,100,100,,100.0
1,961,17,1,Atraz,70,100,100,,100.0
1,962,17,2,Atraz,70,100,100,,100.0
1,963,17,3,Atraz,85,100,100,,100.0
1,964,17,4,Atraz,70,100,100,,100.0
1,965,17,5,Atraz,90,100,100,,100.0
1,966,17,6,Atraz,80,100,100,,100.0
1,967,17,1,Imaz,0,0,0,0.62,-76.7
1,968,17,2,Imaz,0,0,0,0.35,0.2
1,969,17,3,Imaz,0,0,0,0.29,17.3
1,970,17,4,Imaz,0,0,0,,100.0
1,971,17,5,Imaz,0,0,0,0.40,-14.0
1,972,17,6,Imaz,5,0,0,0.43,-22.6
1,973,17,1,Paraq,100,100,100,,100.0
1,974,17,2,Paraq,100,100,100,,100.0
1,975,17,3,Paraq,100,100,100,,100.0
1,976,17,4,Paraq,100,100,100,,100.0
1,977,17,5,Paraq,100,100,100,,100.0
1,978,17,6,Paraq,100,100,100,,100.0
1,979,17,1,Saflu,100,100,100,,100.0
1,980,17,2,Saflu,100,100,100,,100.0
1,981,17,3,Saflu,100,100,100,,100.0
1,982,17,4,Saflu,100,100,100,,100.0
1,983,17,5,Saflu,100,100,100,,100.0
1,984,17,6,Saflu,100,100,100,,100.0
1,985,17,1,Check,0,0,0,0.08,
1,986,17,2,Check,0,0,0,0.38,
1,987,17,3,Check,0,0,0,0.43,
1,988,17,4,Check,0,0,0,0.54,
1,989,17,5,Check,0,0,0,0.38,
1,990,17,6,Check,0,0,0,0.31,
1,991,18,1,1x Gly,5,5,5,0.22,48.5
1,992,18,2,1x Gly,10,0,0,0.25,41.5
1,993,18,3,1x Gly,0,5,5,0.30,29.8
1,994,18,4,1x Gly,5,10,15,0.29,32.2
1,995,18,5,1x Gly,20,40,40,,100.0
1,996,18,6,1x Gly,5,5,5,0.39,8.8
1,997,18,1,3x Gly,10,35,40,0.13,70.2
1,998,18,2,3x Gly,25,50,55,0.04,91.2
1,999,18,3,3x Gly,15,15,20,0.10,77.2
1,1000,18,4,3x Gly,10,45,45,0.09,79.5
1,1001,18,5,3x Gly,20,30,30,0.09,79.5
1,1002,18,6,3x Gly,15,15,20,0.18,58.5
1,1003,18,1,Mesot,25,70,100,,100.0
1,1004,18,2,Mesot,20,100,100,,100.0
1,1005,18,3,Mesot,20,85,100,,100.0
1,1006,18,4,Mesot,30,70,100,,100.0
1,1007,18,5,Mesot,15,90,100,,100.0
1,1008,18,6,Mesot,30,100,100,,100.0
1,1009,18,1,"2,4-D",45,65,75,0.07,83.6
1,1010,18,2,"2,4-D",50,75,80,0.01,97.7
1,1011,18,3,"2,4-D",45,65,95,,100.0
1,1012,18,4,"2,4-D",60,80,100,,100.0
1,1013,18,5,"2,4-D",50,75,100,,100.0
1,1014,18,6,"2,4-D",50,70,80,0.02,95.3
1,1015,18,1,Dicam,50,70,100,,100.0
1,1016,18,2,Dicam,50,70,95,0.04,90.6
1,1017,18,3,Dicam,60,75,100,,100.0
1,1018,18,4,Dicam,60,70,100,,100.0
1,1019,18,5,Dicam,45,85,100,,100.0
1,1020,18,6,Dicam,50,95,100,,100.0
1,1021,18,1,Gluf,100,100,100,,100.0
1,1022,18,2,Gluf,100,100,100,,100.0
1,1023,18,3,Gluf,100,100,100,,100.0
1,1024,18,4,Gluf,95,100,100,,100.0
1,1025,18,5,Gluf,95,100,100,,100.0
1,1026,18,6,Gluf,95,100,100,,100.0
1,1027,18,1,Atraz,80,100,100,,100.0
1,1028,18,2,Atraz,95,100,100,,100.0
1,1029,18,3,Atraz,90,100,100,,100.0
1,1030,18,4,Atraz,85,100,100,,100.0
1,1031,18,5,Atraz,75,100,100,,100.0
1,1032,18,6,Atraz,75,100,100,,100.0
1,1033,18,1,Imaz,0,0,0,0.66,-54.4
1,1034,18,2,Imaz,0,0,0,0.45,-5.3
1,1035,18,3,Imaz,0,0,0,0.34,20.5
1,1036,18,4,Imaz,0,0,0,0.48,-12.3
1,1037,18,5,Imaz,0,0,0,0.56,-31.0
1,1038,18,6,Imaz,5,5,5,0.19,55.6
1,1039,18,1,Paraq,100,100,100,,100.0
1,1040,18,2,Paraq,100,100,100,,100.0
1,1041,18,3,Paraq,100,100,100,,100.0
1,1042,18,4,Paraq,100,100,100,,100.0
1,1043,18,5,Paraq,100,100,100,,100.0
1,1044,18,6,Paraq,100,100,100,,100.0
1,1045,18,1,Saflu,100,100,100,,100.0
1,1046,18,2,Saflu,100,100,100,,100.0
1,1047,18,3,Saflu,100,100,100,,100.0
1,1048,18,4,Saflu,95,100,100,,100.0
1,1049,18,5,Saflu,100,100,100,,100.0
1,1050,18,6,Saflu,100,100,100,,100.0
1,1051,18,1,Check,0,0,0,0.26,
1,1052,18,2,Check,0,0,0,0.51,
1,1053,18,3,Check,0,0,0,0.40,
1,1054,18,4,Check,0,0,0,0.62,
1,1055,18,5,Check,0,0,0,0.32,
1,1056,18,6,Check,0,0,0,0.46,
1,1057,19,1,1x Gly,100,100,100,,100.0
1,1058,19,2,1x Gly,5,10,10,0.07,57.4
1,1059,19,3,1x Gly,20,20,40,0.00,100.0
1,1060,19,4,1x Gly,30,60,80,0.06,63.5
1,1061,19,5,1x Gly,15,5,10,0.05,69.6
1,1062,19,6,1x Gly,20,20,20,,100.0
1,1063,19,1,3x Gly,20,25,25,0.00,100.0
1,1064,19,2,3x Gly,20,100,100,,100.0
1,1065,19,3,3x Gly,5,10,15,0.07,57.4
1,1066,19,4,3x Gly,25,80,95,,100.0
1,1067,19,5,3x Gly,100,100,100,,100.0
1,1068,19,6,3x Gly,100,100,100,,100.0
1,1069,19,1,Mesot,20,100,100,,100.0
1,1070,19,2,Mesot,20,100,100,,100.0
1,1071,19,3,Mesot,20,95,100,,100.0
1,1072,19,4,Mesot,15,100,100,,100.0
1,1073,19,5,Mesot,30,100,100,,100.0
1,1074,19,6,Mesot,25,80,100,,100.0
1,1075,19,1,"2,4-D",65,70,100,,100.0
1,1076,19,2,"2,4-D",70,100,100,,100.0
1,1077,19,3,"2,4-D",60,100,100,,100.0
1,1078,19,4,"2,4-D",60,60,100,,100.0
1,1079,19,5,"2,4-D",60,65,80,0.02,87.8
1,1080,19,6,"2,4-D",60,80,100,,100.0
1,1081,19,1,Dicam,50,75,100,,100.0
1,1082,19,2,Dicam,50,75,100,,100.0
1,1083,19,3,Dicam,65,80,95,,100.0
1,1084,19,4,Dicam,65,90,100,,100.0
1,1085,19,5,Dicam,100,100,100,,100.0
1,1086,19,6,Dicam,40,70,100,0.06,63.5
1,1087,19,1,Gluf,100,100,100,,100.0
1,1088,19,2,Gluf,100,100,100,,100.0
1,1089,19,3,Gluf,100,100,100,,100.0
1,1090,19,4,Gluf,100,100,100,,100.0
1,1091,19,5,Gluf,100,100,100,,100.0
1,1092,19,6,Gluf,100,100,100,,100.0
1,1093,19,1,Atraz,85,100,100,,100.0
1,1094,19,2,Atraz,85,100,100,,100.0
1,1095,19,3,Atraz,85,100,100,,100.0
1,1096,19,4,Atraz,100,100,100,,100.0
1,1097,19,5,Atraz,90,100,100,,100.0
1,1098,19,6,Atraz,95,100,100,,100.0
1,1099,19,1,Imaz,0,0,0,0.33,-100.8
1,1100,19,2,Imaz,70,80,85,,100.0
1,1101,19,3,Imaz,5,10,10,0.20,-21.7
1,1102,19,4,Imaz,10,15,20,0.13,20.9
1,1103,19,5,Imaz,0,0,0,0.30,-82.5
1,1104,19,6,Imaz,0,0,0,,100.0
1,1105,19,1,Paraq,100,100,100,,100.0
1,1106,19,2,Paraq,100,100,100,,100.0
1,1107,19,3,Paraq,100,100,100,,100.0
1,1108,19,4,Paraq,100,100,100,,100.0
1,1109,19,5,Paraq,100,100,100,,100.0
1,1110,19,6,Paraq,100,100,100,,100.0
1,1111,19,1,Saflu,100,100,100,,100.0
1,1112,19,2,Saflu,100,100,100,,100.0
1,1113,19,3,Saflu,100,100,100,,100.0
1,1114,19,4,Saflu,100,100,100,,100.0
1,1115,19,5,Saflu,100,100,100,,100.0
1,1116,19,6,Saflu,100,100,100,,100.0
1,1117,19,1,Check,0,0,0,,
1,1118,19,2,Check,0,0,0,0.40,
1,1119,19,3,Check,0,0,0,0.16,
1,1120,19,4,Check,0,0,0,,
1,1121,19,5,Check,0,0,0,0.03,
1,1122,19,6,Check,0,0,0,0.07,
1,1123,20,1,1x Gly,20,20,20,0.17,67.8
1,1124,20,2,1x Gly,20,20,20,0.14,73.5
1,1125,20,3,1x Gly,10,10,10,0.23,56.5
1,1126,20,4,1x Gly,10,10,10,0.23,57.0
1,1127,20,5,1x Gly,15,10,10,0.38,28.1
1,1128,20,6,1x Gly,5,5,5,0.30,43.3
1,1129,20,1,3x Gly,15,20,20,0.11,79.2
1,1130,20,2,3x Gly,20,20,20,0.14,73.5
1,1131,20,3,3x Gly,15,15,15,0.13,75.4
1,1132,20,4,3x Gly,10,15,15,,100.0
1,1133,20,5,3x Gly,15,30,30,0.10,81.1
1,1134,20,6,3x Gly,20,35,35,0.08,84.9
1,1135,20,1,Mesot,30,70,90,0.04,92.4
1,1136,20,2,Mesot,30,85,100,,100.0
1,1137,20,3,Mesot,35,75,100,,100.0
1,1138,20,4,Mesot,30,75,100,,100.0
1,1139,20,5,Mesot,30,80,100,,100.0
1,1140,20,6,Mesot,40,80,100,,100.0
1,1141,20,1,"2,4-D",70,65,95,,100.0
1,1142,20,2,"2,4-D",60,50,70,0.03,94.3
1,1143,20,3,"2,4-D",60,55,60,0.10,81.1
1,1144,20,4,"2,4-D",60,60,70,0.08,84.9
1,1145,20,5,"2,4-D",60,60,60,0.11,79.2
1,1146,20,6,"2,4-D",70,55,60,0.02,96.2
1,1147,20,1,Dicam,50,65,95,0.00,100.0
1,1148,20,2,Dicam,40,60,75,0.05,90.5
1,1149,20,3,Dicam,45,70,80,,100.0
1,1150,20,4,Dicam,50,65,75,,100.0
1,1151,20,5,Dicam,40,65,80,0.06,88.7
1,1152,20,6,Dicam,40,60,80,0.08,84.9
1,1153,20,1,Gluf,90,100,100,,100.0
1,1154,20,2,Gluf,95,100,100,,100.0
1,1155,20,3,Gluf,95,100,100,,100.0
1,1156,20,4,Gluf,100,100,100,,100.0
1,1157,20,5,Gluf,100,100,100,,100.0
1,1158,20,6,Gluf,95,100,100,,100.0
1,1159,20,1,Atraz,85,100,100,,100.0
1,1160,20,2,Atraz,80,100,100,,100.0
1,1161,20,3,Atraz,80,100,100,,100.0
1,1162,20,4,Atraz,80,100,100,,100.0
1,1163,20,5,Atraz,80,100,100,,100.0
1,1164,20,6,Atraz,75,100,100,,100.0
1,1165,20,1,Imaz,20,25,25,0.15,71.6
1,1166,20,2,Imaz,20,20,20,,100.0
1,1167,20,3,Imaz,10,15,15,0.23,56.5
1,1168,20,4,Imaz,15,15,20,0.23,56.5
1,1169,20,5,Imaz,25,25,30,0.11,79.2
1,1170,20,6,Imaz,25,30,30,0.13,75.4
1,1171,20,1,Paraq,100,100,100,,100.0
1,1172,20,2,Paraq,100,100,100,,100.0
1,1173,20,3,Paraq,100,100,100,,100.0
1,1174,20,4,Paraq,100,100,100,,100.0
1,1175,20,5,Paraq,100,100,100,,100.0
1,1176,20,6,Paraq,100,100,100,,100.0
1,1177,20,1,Saflu,100,100,100,,100.0
1,1178,20,2,Saflu,95,100,100,,100.0
1,1179,20,3,Saflu,100,100,100,,100.0
1,1180,20,4,Saflu,100,100,100,,100.0
1,1181,20,5,Saflu,90,100,100,,100.0
1,1182,20,6,Saflu,100,100,100,,100.0
1,1183,20,1,Check,0,0,0,0.35,
1,1184,20,2,Check,0,0,0,0.65,
1,1185,20,3,Check,0,0,0,0.49,
1,1186,20,4,Check,0,0,0,0.64,
1,1187,20,5,Check,0,0,0,0.35,
1,1188,20,6,Check,0,0,0,0.70,
1,1189,22,1,1x Gly,0,15,15,0.17,16.5
1,1190,22,2,1x Gly,10,20,20,0.06,70.5
1,1191,22,3,1x Gly,15,30,30,0.02,90.2
1,1192,22,4,1x Gly,5,20,20,0.12,41.0
1,1193,22,5,1x Gly,,,,,100.0
1,1194,22,6,1x Gly,15,40,70,0.05,76.7
1,1195,22,1,3x Gly,30,80,95,,100.0
1,1196,22,2,3x Gly,100,100,100,,100.0
1,1197,22,3,3x Gly,25,100,100,,100.0
1,1198,22,4,3x Gly,20,100,100,,100.0
1,1199,22,5,3x Gly,20,70,75,0.02,90.2
1,1200,22,6,3x Gly,20,60,70,,100.0
1,1249,22,1,Check,0,0,0,0.08,
1,1250,22,2,Check,0,0,0,0.28,
1,1251,22,3,Check,0,0,0,0.09,
1,1252,22,4,Check,0,0,0,0.27,
1,1253,22,5,Check,0,0,0,0.30,
1,1254,22,6,Check,0,0,0,,
1,1255,23,1,1x Gly,10,20,20,0.18,5.9
1,1256,23,2,1x Gly,10,15,15,0.17,11.1
1,1257,23,3,1x Gly,10,10,15,0.23,-20.3
1,1258,23,4,1x Gly,10,20,20,0.12,38.6
1,1259,23,5,1x Gly,80,100,100,,100.0
1,1260,23,6,1x Gly,10,15,15,0.04,79.1
1,1261,23,1,3x Gly,50,75,90,0.00,100.0
1,1262,23,2,3x Gly,100,100,100,,100.0
1,1263,23,3,3x Gly,100,100,100,,100.0
1,1264,23,4,3x Gly,100,100,100,,100.0
1,1265,23,5,3x Gly,80,85,90,,100.0
1,1266,23,6,3x Gly,30,30,30,,100.0
1,1267,23,1,Mesot,25,100,100,,100.0
1,1268,23,2,Mesot,30,100,100,,100.0
1,1269,23,3,Mesot,30,100,100,,100.0
1,1270,23,4,Mesot,25,100,100,,100.0
1,1271,23,5,Mesot,35,100,100,,100.0
1,1272,23,6,Mesot,30,90,100,,100.0
1,1273,23,1,"2,4-D",55,75,80,,100.0
1,1274,23,2,"2,4-D",45,65,70,0.03,84.3
1,1275,23,3,"2,4-D",40,70,70,0.04,79.1
1,1276,23,4,"2,4-D",50,85,95,,100.0
1,1277,23,5,"2,4-D",55,65,70,,100.0
1,1278,23,6,"2,4-D",70,100,100,,100.0
1,1279,23,1,Dicam,50,65,70,0.09,52.9
1,1280,23,2,Dicam,60,80,100,,100.0
1,1281,23,3,Dicam,55,80,100,,100.0
1,1282,23,4,Dicam,50,70,80,0.05,73.9
1,1283,23,5,Dicam,60,65,75,0.02,89.5
1,1284,23,6,Dicam,60,85,100,,100.0
1,1285,23,1,Gluf,100,100,100,,100.0
1,1286,23,2,Gluf,100,100,100,,100.0
1,1287,23,3,Gluf,95,100,100,,100.0
1,1288,23,4,Gluf,90,100,100,,100.0
1,1289,23,5,Gluf,90,100,100,,100.0
1,1290,23,6,Gluf,95,100,100,,100.0
1,1291,23,1,Atraz,85,100,100,,100.0
1,1292,23,2,Atraz,95,100,100,,100.0
1,1293,23,3,Atraz,100,100,100,,100.0
1,1294,23,4,Atraz,90,100,100,,100.0
1,1295,23,5,Atraz,100,100,100,,100.0
1,1296,23,6,Atraz,100,100,100,,100.0
1,1297,23,1,Imaz,15,25,25,0.06,68.6
1,1298,23,2,Imaz,20,30,30,0.07,63.4
1,1299,23,3,Imaz,20,35,35,0.04,79.1
1,1300,23,4,Imaz,15,15,20,0.13,32.0
1,1301,23,5,Imaz,10,25,25,0.06,68.6
1,1302,23,6,Imaz,15,30,30,0.08,58.2
1,1303,23,1,Paraq,100,100,100,,100.0
1,1304,23,2,Paraq,100,100,100,,100.0
1,1305,23,3,Paraq,100,100,100,,100.0
1,1306,23,4,Paraq,100,100,100,,100.0
1,1307,23,5,Paraq,100,100,100,,100.0
1,1308,23,6,Paraq,100,100,100,,100.0
1,1309,23,1,Saflu,100,100,100,,100.0
1,1310,23,2,Saflu,100,100,100,,100.0
1,1311,23,3,Saflu,100,100,100,,100.0
1,1312,23,4,Saflu,100,100,100,,100.0
1,1313,23,5,Saflu,100,100,100,,100.0
1,1314,23,6,Saflu,100,100,100,,100.0
1,1315,23,1,Check,0,0,0,0.06,
1,1316,23,2,Check,0,0,0,0.15,
1,1317,23,3,Check,0,0,0,0.38,
1,1318,23,4,Check,0,0,0,0.26,
1,1319,23,5,Check,0,0,0,0.10,
1,1320,23,6,Check,0,0,0,0.20,
2,1,1,1,1x Gly,0,10,10,0.17,71.1
2,2,1,2,1x Gly,0,10,30,,100.0
2,3,1,3,1x Gly,0,0,0,0.39,34.0
2,4,1,4,1x Gly,0,5,0,0.29,51.0
2,5,1,5,1x Gly,10,40,90,0.00,100.0
2,6,1,6,1x Gly,5,15,10,0.10,83.3
2,7,1,1,3x Gly,15,45,50,0.05,91.8
2,8,1,2,3x Gly,5,55,75,0.04,93.2
2,9,1,3,3x Gly,10,75,100,0.00,100.0
2,10,1,4,3x Gly,15,65,65,0.11,81.3
2,11,1,5,3x Gly,25,75,100,,100.0
2,12,1,6,3x Gly,15,75,95,,100.0
2,13,1,1,Mesot,25,65,100,,100.0
2,14,1,2,Mesot,20,55,100,,100.0
2,15,1,3,Mesot,15,40,100,,100.0
2,16,1,4,Mesot,15,55,100,,100.0
2,17,1,5,Mesot,25,50,100,,100.0
2,18,1,6,Mesot,35,75,95,,100.0
2,19,1,1,"2,4-D",40,75,90,,100.0
2,20,1,2,"2,4-D",50,85,100,,100.0
2,21,1,3,"2,4-D",40,75,85,,100.0
2,22,1,4,"2,4-D",50,90,95,,100.0
2,23,1,5,"2,4-D",50,80,95,,100.0
2,24,1,6,"2,4-D",35,70,85,,100.0
2,25,1,1,Dicam,60,95,100,,100.0
2,26,1,2,Dicam,60,85,100,,100.0
2,27,1,3,Dicam,50,80,95,,100.0
2,28,1,4,Dicam,50,75,90,,100.0
2,29,1,5,Dicam,55,100,100,,100.0
2,30,1,6,Dicam,65,95,100,,100.0
2,31,1,1,Gluf,100,100,100,,100.0
2,32,1,2,Gluf,100,100,100,,100.0
2,33,1,3,Gluf,100,100,100,,100.0
2,34,1,4,Gluf,100,100,100,,100.0
2,35,1,5,Gluf,100,100,100,,100.0
2,36,1,6,Gluf,100,100,100,,100.0
2,37,1,1,Atraz,80,100,100,,100.0
2,38,1,2,Atraz,75,100,100,,100.0
2,39,1,3,Atraz,65,100,100,,100.0
2,40,1,4,Atraz,100,100,100,,100.0
2,41,1,5,Atraz,100,100,100,,100.0
2,42,1,6,Atraz,100,100,100,,100.0
2,43,1,1,Imaz,0,0,0,0.32,45.9
2,44,1,2,Imaz,0,0,0,0.06,90.1
2,45,1,3,Imaz,0,0,0,0.46,22.1
2,46,1,4,Imaz,0,0,0,0.21,64.6
2,47,1,5,Imaz,0,0,0,0.32,45.9
2,48,1,6,Imaz,0,0,0,0.58,1.7
2,49,1,1,Paraq,100,100,100,,100.0
2,50,1,2,Paraq,100,100,100,,100.0
2,51,1,3,Paraq,100,100,100,,100.0
2,52,1,4,Paraq,100,100,100,,100.0
2,53,1,5,Paraq,100,100,100,,100.0
2,54,1,6,Paraq,100,100,100,,100.0
2,55,1,1,Saflu,100,100,100,,100.0
2,56,1,2,Saflu,100,100,100,,100.0
2,57,1,3,Saflu,100,100,100,,100.0
2,58,1,4,Saflu,100,100,100,,100.0
2,59,1,5,Saflu,100,100,100,,100.0
2,60,1,6,Saflu,100,100,100,,100.0
2,61,1,1,Check,0,0,0,0.40,
2,62,1,2,Check,0,0,0,0.51,
2,63,1,3,Check,0,0,0,0.63,
2,64,1,4,Check,0,0,0,0.91,
2,65,1,5,Check,0,0,0,0.56,
2,66,1,6,Check,0,0,0,0.53,
2,67,2,1,1x Gly,0,0,0,0.57,-12.5
2,68,2,2,1x Gly,5,5,10,0.09,82.5
2,69,2,3,1x Gly,0,0,0,0.46,9.2
2,70,2,4,1x Gly,0,10,5,0.13,74.6
2,71,2,5,1x Gly,10,10,15,0.03,94.4
2,72,2,6,1x Gly,0,0,0,0.28,44.9
2,73,2,1,3x Gly,10,50,50,0.03,94.4
2,74,2,2,3x Gly,20,100,100,,100.0
2,75,2,3,3x Gly,30,30,45,,100.0
2,76,2,4,3x Gly,15,30,40,0.05,90.1
2,77,2,5,3x Gly,25,40,60,,100.0
2,78,2,6,3x Gly,20,25,20,,100.0
2,79,2,1,Mesot,20,85,100,,100.0
2,80,2,2,Mesot,25,85,100,,100.0
2,81,2,3,Mesot,30,55,100,,100.0
2,82,2,4,Mesot,30,80,100,,100.0
2,83,2,5,Mesot,30,45,60,,100.0
2,84,2,6,Mesot,30,45,95,,100.0
2,85,2,1,"2,4-D",35,75,90,,100.0
2,86,2,2,"2,4-D",40,75,90,,100.0
2,87,2,3,"2,4-D",40,75,95,,100.0
2,88,2,4,"2,4-D",40,75,90,,100.0
2,89,2,5,"2,4-D",30,70,90,,100.0
2,90,2,6,"2,4-D",35,80,90,,100.0
2,91,2,1,Dicam,50,80,100,,100.0
2,92,2,2,Dicam,50,80,100,,100.0
2,93,2,3,Dicam,50,80,100,,100.0
2,94,2,4,Dicam,55,80,100,,100.0
2,95,2,5,Dicam,60,75,95,,100.0
2,96,2,6,Dicam,55,75,95,,100.0
2,97,2,1,Gluf,100,100,100,,100.0
2,98,2,2,Gluf,100,100,100,,100.0
2,99,2,3,Gluf,100,100,100,,100.0
2,100,2,4,Gluf,100,100,100,,100.0
2,101,2,5,Gluf,100,100,100,,100.0
2,102,2,6,Gluf,100,100,100,,100.0
2,103,2,1,Atraz,60,100,100,,100.0
2,104,2,2,Atraz,80,100,100,,100.0
2,105,2,3,Atraz,100,100,100,,100.0
2,106,2,4,Atraz,70,100,100,,100.0
2,107,2,5,Atraz,35,95,100,,100.0
2,108,2,6,Atraz,60,100,100,,100.0
2,109,2,1,Imaz,10,10,10,0.07,86.5
2,110,2,2,Imaz,15,5,0,0.37,27.1
2,111,2,3,Imaz,10,5,0,0.12,76.6
2,112,2,4,Imaz,5,5,0,0.21,58.7
2,113,2,5,Imaz,5,5,0,0.21,58.7
2,114,2,6,Imaz,10,5,0,0.21,58.7
2,115,2,1,Paraq,100,100,100,,100.0
2,116,2,2,Paraq,100,100,100,,100.0
2,117,2,3,Paraq,100,100,100,,100.0
2,118,2,4,Paraq,100,100,100,,100.0
2,119,2,5,Paraq,100,100,100,,100.0
2,120,2,6,Paraq,100,100,100,,100.0
2,121,2,1,Saflu,100,100,100,,100.0
2,122,2,2,Saflu,100,100,100,,100.0
2,123,2,3,Saflu,100,100,100,,100.0
2,124,2,4,Saflu,100,100,100,,100.0
2,125,2,5,Saflu,100,100,100,,100.0
2,126,2,6,Saflu,100,100,100,,100.0
2,127,2,1,Check,0,0,0,0.31,
2,128,2,2,Check,0,0,0,0.38,
2,129,2,3,Check,0,0,0,0.67,
2,130,2,4,Check,0,0,0,0.56,
2,131,2,5,Check,0,0,0,0.44,
2,132,2,6,Check,0,0,0,0.68,
2,133,3,1,1x Gly,20,75,100,,100.0
2,134,3,2,1x Gly,10,10,20,0.42,43.0
2,135,3,3,1x Gly,0,0,0,0.35,52.7
2,136,3,4,1x Gly,0,5,30,0.00,100.2
2,137,3,5,1x Gly,0,0,0,0.56,24.2
2,138,3,6,1x Gly,0,0,0,0.28,62.2
2,139,3,1,3x Gly,10,15,10,0.10,86.7
2,140,3,2,3x Gly,5,5,5,0.19,74.4
2,141,3,3,3x Gly,15,15,5,0.24,67.7
2,142,3,4,3x Gly,5,10,5,0.15,79.9
2,143,3,5,3x Gly,0,10,5,0.61,17.5
2,144,3,6,3x Gly,60,100,100,,100.0
2,145,3,1,Mesot,20,35,100,,100.0
2,146,3,2,Mesot,30,45,100,,100.0
2,147,3,3,Mesot,20,25,100,,100.0
2,148,3,4,Mesot,25,35,70,0.09,88.0
2,149,3,5,Mesot,15,50,100,,100.0
2,150,3,6,Mesot,30,30,100,,100.0
2,151,3,1,"2,4-D",40,80,100,,100.0
2,152,3,2,"2,4-D",45,80,95,,100.0
2,153,3,3,"2,4-D",25,75,100,,100.0
2,154,3,4,"2,4-D",30,75,90,,100.0
2,155,3,5,"2,4-D",35,75,85,,100.0
2,156,3,6,"2,4-D",40,70,90,,100.0
2,157,3,1,Dicam,40,70,95,,100.0
2,158,3,2,Dicam,50,70,95,,100.0
2,159,3,3,Dicam,55,70,95,,100.0
2,160,3,4,Dicam,55,90,100,,100.0
2,161,3,5,Dicam,60,75,90,,100.0
2,162,3,6,Dicam,45,75,95,,100.0
2,163,3,1,Gluf,100,100,100,,100.0
2,164,3,2,Gluf,90,100,100,,100.0
2,165,3,3,Gluf,90,100,100,,100.0
2,166,3,4,Gluf,95,100,100,,100.0
2,167,3,5,Gluf,95,100,100,,100.0
2,168,3,6,Gluf,95,100,100,,100.0
2,169,3,1,Atraz,40,100,100,,100.0
2,170,3,2,Atraz,55,100,100,,100.0
2,171,3,3,Atraz,50,100,100,,100.0
2,172,3,4,Atraz,40,100,100,,100.0
2,173,3,5,Atraz,70,100,100,,100.0
2,174,3,6,Atraz,65,100,100,,100.0
2,175,3,1,Imaz,10,5,5,0.20,73.1
2,176,3,2,Imaz,15,25,40,,100.0
2,177,3,3,Imaz,10,5,0,0.26,64.9
2,178,3,4,Imaz,10,15,15,0.07,90.7
2,179,3,5,Imaz,0,0,25,0.00,100.0
2,180,3,6,Imaz,5,5,5,0.24,67.7
2,181,3,1,Paraq,100,100,100,,100.0
2,182,3,2,Paraq,100,100,100,,100.0
2,183,3,3,Paraq,100,100,100,,100.0
2,184,3,4,Paraq,100,100,100,,100.0
2,185,3,5,Paraq,100,100,100,,100.0
2,186,3,6,Paraq,100,100,100,,100.0
2,187,3,1,Saflu,100,100,100,,100.0
2,188,3,2,Saflu,100,100,100,,100.0
2,189,3,3,Saflu,100,100,100,,100.0
2,190,3,4,Saflu,100,100,100,,100.0
2,191,3,5,Saflu,100,100,100,,100.0
2,192,3,6,Saflu,100,100,100,,100.0
2,193,3,1,Check,0,0,0,0.68,
2,194,3,2,Check,0,0,0,0.85,
2,195,3,3,Check,0,0,0,0.59,
2,196,3,4,Check,0,0,0,0.75,
2,197,3,5,Check,0,0,0,0.50,
2,198,3,6,Check,0,0,0,1.06,
2,199,4,1,1x Gly,20,75,90,,100.0
2,200,4,2,1x Gly,30,75,100,,100.0
2,201,4,3,1x Gly,50,95,100,,100.0
2,202,4,4,1x Gly,50,95,100,,100.0
2,203,4,5,1x Gly,30,75,100,,100.0
2,204,4,6,1x Gly,0,0,0,0.48,-8.3
2,205,4,1,3x Gly,55,100,100,,100.0
2,206,4,2,3x Gly,0,0,0,0.44,0.8
2,207,4,3,3x Gly,5,50,100,,100.0
2,208,4,4,3x Gly,50,100,100,,100.0
2,209,4,5,3x Gly,90,100,100,,100.0
2,210,4,6,3x Gly,50,100,100,,100.0
2,211,4,1,Mesot,25,35,100,,100.0
2,212,4,2,Mesot,20,40,100,,100.0
2,213,4,3,Mesot,25,40,65,0.07,84.6
2,214,4,4,Mesot,25,40,100,,100.0
2,215,4,5,Mesot,15,35,65,0.05,89.1
2,216,4,6,Mesot,35,75,100,,100.0
2,217,4,1,"2,4-D",40,75,90,,100.0
2,218,4,2,"2,4-D",35,75,90,0.09,80.1
2,219,4,3,"2,4-D",35,75,90,0.10,77.8
2,220,4,4,"2,4-D",40,70,90,,100.0
2,221,4,5,"2,4-D",40,75,95,,100.0
2,222,4,6,"2,4-D",50,80,95,,100.0
2,223,4,1,Dicam,40,70,95,,100.0
2,224,4,2,Dicam,40,70,90,0.05,89.1
2,225,4,3,Dicam,60,80,100,,100.0
2,226,4,4,Dicam,55,75,95,,100.0
2,227,4,5,Dicam,45,70,100,,100.0
2,228,4,6,Dicam,50,80,100,,100.0
2,229,4,1,Gluf,90,100,100,,100.0
2,230,4,2,Gluf,95,100,100,,100.0
2,231,4,3,Gluf,95,100,100,,100.0
2,232,4,4,Gluf,100,100,100,,100.0
2,233,4,5,Gluf,95,100,100,,100.0
2,234,4,6,Gluf,90,100,100,,100.0
2,235,4,1,Atraz,60,100,100,,100.0
2,236,4,2,Atraz,65,100,100,,100.0
2,237,4,3,Atraz,65,100,100,,100.0
2,238,4,4,Atraz,30,100,100,,100.0
2,239,4,5,Atraz,15,100,100,,100.0
2,240,4,6,Atraz,30,100,100,,100.0
2,241,4,1,Imaz,10,5,5,0.15,66.5
2,242,4,2,Imaz,10,5,5,0.12,73.3
2,243,4,3,Imaz,5,5,5,0.10,77.8
2,244,4,4,Imaz,0,5,5,0.02,95.9
2,245,4,5,Imaz,0,0,0,0.39,12.4
2,246,4,6,Imaz,0,0,0,0.16,64.3
2,247,4,1,Paraq,100,100,100,,100.0
2,248,4,2,Paraq,100,100,100,,100.0
2,249,4,3,Paraq,100,100,100,,100.0
2,250,4,4,Paraq,100,100,100,,100.0
2,251,4,5,Paraq,100,100,100,,100.0
2,252,4,6,Paraq,100,100,100,,100.0
2,253,4,1,Saflu,100,100,100,,100.0
2,254,4,2,Saflu,100,100,100,,100.0
2,255,4,3,Saflu,100,100,100,,100.0
2,256,4,4,Saflu,100,100,100,,100.0
2,257,4,5,Saflu,100,100,100,,100.0
2,258,4,6,Saflu,100,100,100,,100.0
2,259,4,1,Check,0,0,0,0.13,
2,260,4,2,Check,0,0,0,0.49,
2,261,4,3,Check,0,0,0,0.32,
2,262,4,4,Check,0,0,0,0.56,
2,263,4,5,Check,0,0,0,0.71,
2,264,4,6,Check,0,0,0,0.46,
2,265,5,1,1x Gly,5,0,0,0.10,19.6
2,266,5,2,1x Gly,0,0,15,,100.0
2,267,5,3,1x Gly,15,20,25,,100.0
2,268,5,4,1x Gly,5,5,10,,100.0
2,269,5,5,1x Gly,5,0,0,0.17,-37.6
2,270,5,6,1x Gly,0,10,15,0.00,100.0
2,271,5,1,3x Gly,20,95,100,,100.0
2,272,5,2,3x Gly,0,35,100,,100.0
2,273,5,3,3x Gly,25,100,100,,100.0
2,274,5,4,3x Gly,5,100,100,,100.0
2,275,5,5,3x Gly,5,100,100,,100.0
2,276,5,6,3x Gly,0,85,100,,100.0
2,277,5,1,Mesot,5,30,100,,100.0
2,278,5,2,Mesot,20,45,100,,100.0
2,279,5,3,Mesot,20,50,100,,100.0
2,280,5,4,Mesot,5,40,95,,100.0
2,281,5,5,Mesot,20,75,100,,100.0
2,282,5,6,Mesot,15,50,100,,100.0
2,283,5,1,"2,4-D",40,100,100,,100.0
2,284,5,2,"2,4-D",40,75,100,,100.0
2,285,5,3,"2,4-D",35,95,100,,100.0
2,286,5,4,"2,4-D",45,95,100,,100.0
2,287,5,5,"2,4-D",45,75,90,,100.0
2,288,5,6,"2,4-D",40,75,95,,100.0
2,289,5,1,Dicam,40,70,100,,100.0
2,290,5,2,Dicam,45,80,100,,100.0
2,291,5,3,Dicam,45,65,95,,100.0
2,292,5,4,Dicam,40,80,100,,100.0
2,293,5,5,Dicam,40,65,95,,100.0
2,294,5,6,Dicam,35,100,100,,100.0
2,295,5,1,Gluf,100,100,100,,100.0
2,296,5,2,Gluf,95,100,100,,100.0
2,297,5,3,Gluf,90,100,100,,100.0
2,298,5,4,Gluf,100,100,100,,100.0
2,299,5,5,Gluf,100,100,100,,100.0
2,300,5,6,Gluf,90,100,100,,100.0
2,301,5,1,Atraz,25,100,100,,100.0
2,302,5,2,Atraz,30,100,100,,100.0
2,303,5,3,Atraz,40,100,100,,100.0
2,304,5,4,Atraz,25,100,100,,100.0
2,305,5,5,Atraz,15,100,100,,100.0
2,306,5,6,Atraz,15,100,100,,100.0
2,307,5,1,Imaz,10,5,15,0.00,100.0
2,308,5,2,Imaz,5,5,5,,100.0
2,309,5,3,Imaz,0,5,5,,100.0
2,310,5,4,Imaz,5,5,0,,100.0
2,311,5,5,Imaz,10,100,100,,100.0
2,312,5,6,Imaz,0,5,10,,100.0
2,313,5,1,Paraq,100,100,100,,100.0
2,314,5,2,Paraq,100,100,100,,100.0
2,315,5,3,Paraq,100,100,100,,100.0
2,316,5,4,Paraq,100,100,100,,100.0
2,317,5,5,Paraq,100,100,100,,100.0
2,318,5,6,Paraq,100,100,100,,100.0
2,319,5,1,Saflu,100,100,100,,100.0
2,320,5,2,Saflu,100,100,100,,100.0
2,321,5,3,Saflu,100,100,100,,100.0
2,322,5,4,Saflu,100,100,100,,100.0
2,323,5,5,Saflu,100,100,100,,100.0
2,324,5,6,Saflu,100,100,100,,100.0
2,325,5,1,Check,0,0,0,0.06,
2,326,5,2,Check,0,0,0,0.45,
2,327,5,3,Check,0,0,0,0.08,
2,328,5,4,Check,0,0,0,0.02,
2,329,5,5,Check,0,0,0,0.01,
2,330,5,6,Check,0,0,0,,
2,331,7,1,1x Gly,0,10,100,,100.0
2,332,7,2,1x Gly,15,10,10,0.10,6000.0
2,333,7,3,1x Gly,10,10,5,0.11,6600.0
2,334,7,4,1x Gly,5,10,40,,100.0
2,335,7,5,1x Gly,5,10,40,,100.0
2,336,7,6,1x Gly,10,10,15,0.01,600.0
2,337,7,1,3x Gly,10,100,100,,100.0
2,338,7,2,3x Gly,5,100,100,,100.0
2,339,7,3,3x Gly,100,100,100,,100.0
2,340,7,4,3x Gly,100,100,100,,100.0
2,341,7,5,3x Gly,10,100,100,,100.0
2,342,7,6,3x Gly,10,100,100,,100.0
2,391,7,1,Check,0,0,0,,
2,392,7,2,Check,0,0,0,,
2,393,7,3,Check,0,0,0,0.00,
2,394,7,4,Check,0,0,0,,
2,395,7,5,Check,0,0,0,,
2,396,7,6,Check,0,0,0,,
2,397,9,1,1x Gly,5,5,100,,100.0
2,398,9,2,1x Gly,0,5,100,,100.0
2,399,9,3,1x Gly,5,10,10,,100.0
2,400,9,4,1x Gly,10,100,100,,100.0
2,401,9,5,1x Gly,10,15,20,,100.0
2,402,9,6,1x Gly,15,100,100,,100.0
2,403,9,1,3x Gly,35,100,100,,100.0
2,404,9,2,3x Gly,40,100,100,,100.0
2,405,9,3,3x Gly,70,100,100,,100.0
2,406,9,4,3x Gly,50,100,100,,100.0
2,407,9,5,3x Gly,65,100,100,,100.0
2,408,9,6,3x Gly,30,100,100,,100.0
2,409,9,1,Mesot,30,35,100,,100.0
2,410,9,2,Mesot,15,85,100,,100.0
2,411,9,3,Mesot,20,30,100,,100.0
2,412,9,4,Mesot,20,40,100,,100.0
2,413,9,5,Mesot,30,75,100,,100.0
2,414,9,6,Mesot,25,50,100,,100.0
2,415,9,1,"2,4-D",45,100,100,,100.0
2,416,9,2,"2,4-D",30,65,95,0.00,100.6
2,417,9,3,"2,4-D",30,60,80,0.15,49.3
2,418,9,4,"2,4-D",50,100,100,,100.0
2,419,9,5,"2,4-D",90,100,100,,100.0
2,420,9,6,"2,4-D",30,70,100,,100.0
2,421,9,1,Dicam,50,100,100,,100.0
2,422,9,2,Dicam,40,65,95,,100.0
2,423,9,3,Dicam,50,70,95,,100.0
2,424,9,4,Dicam,35,70,100,,100.0
2,425,9,5,Dicam,50,100,100,,100.0
2,426,9,6,Dicam,45,60,75,0.02,93.7
2,427,9,1,Gluf,90,100,100,,100.0
2,428,9,2,Gluf,100,100,100,,100.0
2,429,9,3,Gluf,100,100,100,,100.0
2,430,9,4,Gluf,100,100,100,,100.0
2,431,9,5,Gluf,100,100,100,,100.0
2,432,9,6,Gluf,90,100,100,,100.0
2,433,9,1,Atraz,100,100,100,,100.0
2,434,9,2,Atraz,45,100,100,,100.0
2,435,9,3,Atraz,55,100,100,,100.0
2,436,9,4,Atraz,45,100,100,,100.0
2,437,9,5,Atraz,100,100,100,,100.0
2,438,9,6,Atraz,85,100,100,,100.0
2,439,9,1,Imaz,0,0,0,,100.0
2,440,9,2,Imaz,0,5,15,,100.0
2,441,9,3,Imaz,10,5,5,0.12,59.5
2,442,9,4,Imaz,0,0,0,0.47,-60.2
2,443,9,5,Imaz,15,100,100,,100.0
2,444,9,6,Imaz,10,10,15,,100.0
2,445,9,1,Paraq,100,100,100,,100.0
2,446,9,2,Paraq,100,100,100,,100.0
2,447,9,3,Paraq,100,100,100,,100.0
2,448,9,4,Paraq,100,100,100,,100.0
2,449,9,5,Paraq,100,100,100,,100.0
2,450,9,6,Paraq,100,100,100,,100.0
2,451,9,1,Saflu,100,100,100,,100.0
2,452,9,2,Saflu,100,100,100,,100.0
2,453,9,3,Saflu,100,100,100,,100.0
2,454,9,4,Saflu,100,100,100,,100.0
2,455,9,5,Saflu,100,100,100,,100.0
2,456,9,6,Saflu,100,100,100,,100.0
2,457,9,1,Check,0,0,0,0.52,
2,458,9,2,Check,0,0,0,0.10,
2,459,9,3,Check,0,0,0,0.57,
2,460,9,4,Check,0,0,0,0.04,
2,461,9,5,Check,0,0,0,0.24,
2,462,9,6,Check,0,0,0,,
2,463,10,1,1x Gly,10,10,5,0.10,77.3
2,464,10,2,1x Gly,15,90,100,,100.0
2,465,10,3,1x Gly,20,30,50,,100.0
2,466,10,4,1x Gly,5,5,5,0.01,98.1
2,467,10,5,1x Gly,0,0,0,0.65,-49.6
2,468,10,6,1x Gly,5,10,15,,100.0
2,469,10,1,3x Gly,5,5,0,0.41,5.8
2,470,10,2,3x Gly,5,5,10,0.42,3.5
2,471,10,3,3x Gly,40,90,100,,100.0
2,472,10,4,3x Gly,0,0,0,0.50,-15.0
2,473,10,5,3x Gly,5,5,0,0.50,-15.0
2,474,10,6,3x Gly,5,5,0,0.44,-1.2
2,475,10,1,Mesot,20,60,100,,100.0
2,476,10,2,Mesot,25,80,100,,100.0
2,477,10,3,Mesot,30,40,95,,100.0
2,478,10,4,Mesot,25,40,95,,100.0
2,479,10,5,Mesot,30,45,100,,100.0
2,480,10,6,Mesot,25,60,100,,100.0
2,481,10,1,"2,4-D",25,75,90,0.19,56.5
2,482,10,2,"2,4-D",35,80,95,,100.0
2,483,10,3,"2,4-D",30,65,90,,100.0
2,484,10,4,"2,4-D",30,75,95,,100.0
2,485,10,5,"2,4-D",35,70,95,,100.0
2,486,10,6,"2,4-D",30,75,90,0.11,75.0
2,487,10,1,Dicam,45,70,85,,100.0
2,488,10,2,Dicam,45,75,85,,100.0
2,489,10,3,Dicam,50,70,95,,100.0
2,490,10,4,Dicam,35,75,85,0.06,86.5
2,491,10,5,Dicam,50,70,90,,100.0
2,492,10,6,Dicam,40,70,100,,100.0
2,493,10,1,Gluf,100,100,100,,100.0
2,494,10,2,Gluf,100,100,100,,100.0
2,495,10,3,Gluf,95,100,100,,100.0
2,496,10,4,Gluf,100,100,100,,100.0
2,497,10,5,Gluf,100,100,100,,100.0
2,498,10,6,Gluf,100,100,100,,100.0
2,499,10,1,Atraz,50,100,100,,100.0
2,500,10,2,Atraz,90,100,100,,100.0
2,501,10,3,Atraz,55,100,100,,100.0
2,502,10,4,Atraz,55,100,100,,100.0
2,503,10,5,Atraz,55,100,100,,100.0
2,504,10,6,Atraz,25,100,100,,100.0
2,505,10,1,Imaz,0,0,0,0.75,-72.7
2,506,10,2,Imaz,0,0,0,0.52,-19.6
2,507,10,3,Imaz,0,0,0,0.35,19.6
2,508,10,4,Imaz,0,0,0,0.22,49.6
2,509,10,5,Imaz,0,0,0,0.30,31.2
2,510,10,6,Imaz,0,0,0,0.83,-91.2
2,511,10,1,Paraq,100,100,100,,100.0
2,512,10,2,Paraq,100,100,100,,100.0
2,513,10,3,Paraq,100,100,100,,100.0
2,514,10,4,Paraq,100,100,100,,100.0
2,515,10,5,Paraq,100,100,100,,100.0
2,516,10,6,Paraq,100,100,100,,100.0
2,517,10,1,Saflu,100,100,100,,100.0
2,518,10,2,Saflu,100,100,100,,100.0
2,519,10,3,Saflu,100,100,100,,100.0
2,520,10,4,Saflu,100,100,100,,100.0
2,521,10,5,Saflu,100,100,100,,100.0
2,522,10,6,Saflu,100,100,100,,100.0
2,523,10,1,Check,0,0,0,0.50,
2,524,10,2,Check,0,0,0,0.33,
2,525,10,3,Check,0,0,0,0.87,
2,526,10,4,Check,0,0,0,0.60,
2,527,10,5,Check,0,0,0,0.01,
2,528,10,6,Check,0,0,0,0.30,
2,529,11,1,1x Gly,0,0,5,0.24,43.7
2,530,11,2,1x Gly,0,15,15,0.07,83.9
2,531,11,3,1x Gly,5,10,5,0.12,72.0
2,532,11,4,1x Gly,5,10,5,0.32,24.8
2,533,11,5,1x Gly,0,5,5,0.31,27.2
2,534,11,6,1x Gly,0,15,15,0.08,81.5
2,535,11,1,3x Gly,15,40,60,,100.0
2,536,11,2,3x Gly,15,30,50,,100.0
2,537,11,3,3x Gly,10,15,25,0.00,100.4
2,538,11,4,3x Gly,15,100,100,,100.0
2,539,11,5,3x Gly,20,75,100,,100.0
2,540,11,6,3x Gly,15,20,15,0.31,27.2
2,541,11,1,Mesot,35,45,70,0.07,83.9
2,542,11,2,Mesot,35,50,100,,100.0
2,543,11,3,Mesot,25,60,100,,100.0
2,544,11,4,Mesot,30,50,100,,100.0
2,545,11,5,Mesot,30,50,100,,100.0
2,546,11,6,Mesot,30,40,70,0.06,86.2
2,547,11,1,"2,4-D",40,75,90,0.00,100.4
2,548,11,2,"2,4-D",45,85,100,,100.0
2,549,11,3,"2,4-D",35,65,100,,100.0
2,550,11,4,"2,4-D",40,65,90,0.01,98.0
2,551,11,5,"2,4-D",40,70,95,,100.0
2,552,11,6,"2,4-D",45,65,90,0.05,88.6
2,553,11,1,Dicam,40,70,90,0.03,93.3
2,554,11,2,Dicam,45,70,95,,100.0
2,555,11,3,Dicam,45,70,95,,100.0
2,556,11,4,Dicam,50,70,100,,100.0
2,557,11,5,Dicam,40,75,95,,100.0
2,558,11,6,Dicam,45,75,100,,100.0
2,559,11,1,Gluf,95,100,100,,100.0
2,560,11,2,Gluf,95,100,100,,100.0
2,561,11,3,Gluf,95,100,100,,100.0
2,562,11,4,Gluf,100,100,100,,100.0
2,563,11,5,Gluf,95,100,100,,100.0
2,564,11,6,Gluf,90,100,100,,100.0
2,565,11,1,Atraz,35,100,100,,100.0
2,566,11,2,Atraz,45,100,100,,100.0
2,567,11,3,Atraz,35,100,100,,100.0
2,568,11,4,Atraz,65,100,100,,100.0
2,569,11,5,Atraz,60,100,100,,100.0
2,570,11,6,Atraz,35,100,100,,100.0
2,571,11,1,Imaz,0,0,0,0.15,65.0
2,572,11,2,Imaz,0,0,0,0.49,-15.4
2,573,11,3,Imaz,0,0,0,0.67,-57.9
2,574,11,4,Imaz,15,5,5,0.43,-1.2
2,575,11,5,Imaz,0,0,0,0.50,-17.7
2,576,11,6,Imaz,0,0,0,0.46,-8.3
2,577,11,1,Paraq,100,100,100,,100.0
2,578,11,2,Paraq,100,100,100,,100.0
2,579,11,3,Paraq,100,100,100,,100.0
2,580,11,4,Paraq,100,100,100,,100.0
2,581,11,5,Paraq,100,100,100,,100.0
2,582,11,6,Paraq,100,100,100,,100.0
2,583,11,1,Saflu,100,100,100,,100.0
2,584,11,2,Saflu,100,100,100,,100.0
2,585,11,3,Saflu,100,100,100,,100.0
2,586,11,4,Saflu,100,100,100,,100.0
2,587,11,5,Saflu,100,100,100,,100.0
2,588,11,6,Saflu,100,100,100,,100.0
2,589,11,1,Check,0,0,0,0.55,
2,590,11,2,Check,0,0,0,0.38,
2,591,11,3,Check,0,0,0,0.41,
2,592,11,4,Check,0,0,0,0.47,
2,593,11,5,Check,0,0,0,0.23,
2,594,11,6,Check,0,0,0,0.51,
2,595,12,1,1x Gly,15,15,15,0.13,61.9
2,596,12,2,1x Gly,15,15,15,0.02,94.6
2,597,12,3,1x Gly,0,5,10,0.07,79.7
2,598,12,4,1x Gly,10,15,15,0.15,55.9
2,599,12,5,1x Gly,10,10,10,0.12,64.9
2,600,12,6,1x Gly,5,10,10,0.06,82.7
2,601,12,1,3x Gly,15,100,100,,100.0
2,602,12,2,3x Gly,5,40,60,0.04,88.6
2,603,12,3,3x Gly,15,40,80,,100.0
2,604,12,4,3x Gly,25,100,100,,100.0
2,605,12,5,3x Gly,20,100,100,,100.0
2,606,12,6,3x Gly,20,100,100,,100.0
2,607,12,1,Mesot,30,80,100,,100.0
2,608,12,2,Mesot,30,85,100,,100.0
2,609,12,3,Mesot,20,90,100,,100.0
2,610,12,4,Mesot,30,100,100,,100.0
2,611,12,5,Mesot,20,30,100,,100.0
2,612,12,6,Mesot,30,50,100,,100.0
2,613,12,1,"2,4-D",40,60,95,,100.0
2,614,12,2,"2,4-D",40,70,100,,100.0
2,615,12,3,"2,4-D",35,65,90,,100.0
2,616,12,4,"2,4-D",40,70,95,,100.0
2,617,12,5,"2,4-D",55,95,100,,100.0
2,618,12,6,"2,4-D",45,95,100,,100.0
2,619,12,1,Dicam,45,85,100,,100.0
2,620,12,2,Dicam,50,80,100,,100.0
2,621,12,3,Dicam,50,90,100,,100.0
2,622,12,4,Dicam,55,85,95,,100.0
2,623,12,5,Dicam,50,80,95,,100.0
2,624,12,6,Dicam,60,80,100,,100.0
2,625,12,1,Gluf,100,100,100,,100.0
2,626,12,2,Gluf,95,100,100,,100.0
2,627,12,3,Gluf,100,100,100,,100.0
2,628,12,4,Gluf,100,100,100,,100.0
2,629,12,5,Gluf,100,100,100,,100.0
2,630,12,6,Gluf,100,100,100,,100.0
2,631,12,1,Atraz,20,100,100,,100.0
2,632,12,2,Atraz,35,100,100,,100.0
2,633,12,3,Atraz,55,100,100,,100.0
2,634,12,4,Atraz,50,100,100,,100.0
2,635,12,5,Atraz,25,100,100,,100.0
2,636,12,6,Atraz,40,100,100,,100.0
2,637,12,1,Imaz,0,0,0,0.29,14.4
2,638,12,2,Imaz,0,0,0,0.19,44.1
2,639,12,3,Imaz,0,0,0,0.34,-0.5
2,640,12,4,Imaz,0,0,0,0.17,50.0
2,641,12,5,Imaz,0,0,0,0.47,-39.1
2,642,12,6,Imaz,0,0,0,0.30,11.4
2,643,12,1,Paraq,100,100,100,,100.0
2,644,12,2,Paraq,100,100,100,,100.0
2,645,12,3,Paraq,100,100,100,,100.0
2,646,12,4,Paraq,100,100,100,,100.0
2,647,12,5,Paraq,100,100,100,,100.0
2,648,12,6,Paraq,100,100,100,,100.0
2,649,12,1,Saflu,100,100,100,,100.0
2,650,12,2,Saflu,100,100,100,,100.0
2,651,12,3,Saflu,100,100,100,,100.0
2,652,12,4,Saflu,100,100,100,,100.0
2,653,12,5,Saflu,100,100,100,,100.0
2,654,12,6,Saflu,100,100,100,,100.0
2,655,12,1,Check,0,0,0,0.22,
2,656,12,2,Check,0,0,0,0.22,
2,657,12,3,Check,0,0,0,0.58,
2,658,12,4,Check,0,0,0,0.40,
2,659,12,5,Check,0,0,0,0.31,
2,660,12,6,Check,0,0,0,0.30,
2,661,13,1,1x Gly,5,5,0,0.55,13.4
2,662,13,2,1x Gly,5,10,5,0.19,70.3
2,663,13,3,1x Gly,5,10,5,0.48,24.5
2,664,13,4,1x Gly,40,90,100,,100.0
2,665,13,5,1x Gly,30,50,70,0.01,98.7
2,666,13,6,1x Gly,10,20,20,0.24,62.4
2,667,13,1,3x Gly,35,85,100,,100.0
2,668,13,2,3x Gly,30,85,100,,100.0
2,669,13,3,3x Gly,20,45,45,0.17,73.4
2,670,13,4,3x Gly,30,70,80,,100.0
2,671,13,5,3x Gly,20,50,55,0.08,87.6
2,672,13,6,3x Gly,10,40,50,,100.0
2,673,13,1,Mesot,30,40,50,0.28,56.1
2,674,13,2,Mesot,35,45,60,0.08,87.6
2,675,13,3,Mesot,30,40,50,0.02,97.1
2,676,13,4,Mesot,25,30,70,,100.0
2,677,13,5,Mesot,35,45,55,0.17,73.4
2,678,13,6,Mesot,20,30,50,0.15,76.6
2,679,13,1,"2,4-D",40,65,95,,100.0
2,680,13,2,"2,4-D",40,75,95,,100.0
2,681,13,3,"2,4-D",40,75,90,0.04,93.9
2,682,13,4,"2,4-D",45,70,95,,100.0
2,683,13,5,"2,4-D",45,70,95,0.05,92.1
2,684,13,6,"2,4-D",45,80,100,,100.0
2,685,13,1,Dicam,50,75,80,,100.0
2,686,13,2,Dicam,40,75,80,0.16,75.0
2,687,13,3,Dicam,50,70,90,,100.0
2,688,13,4,Dicam,40,70,90,,100.0
2,689,13,5,Dicam,40,65,80,,100.0
2,690,13,6,Dicam,35,75,85,,100.0
2,691,13,1,Gluf,90,100,100,,100.0
2,692,13,2,Gluf,90,100,100,,100.0
2,693,13,3,Gluf,95,100,100,,100.0
2,694,13,4,Gluf,95,100,100,,100.0
2,695,13,5,Gluf,85,100,100,,100.0
2,696,13,6,Gluf,90,100,100,,100.0
2,697,13,1,Atraz,35,100,100,,100.0
2,698,13,2,Atraz,35,100,100,,100.0
2,699,13,3,Atraz,25,100,100,,100.0
2,700,13,4,Atraz,20,100,100,,100.0
2,701,13,5,Atraz,40,100,100,,100.0
2,702,13,6,Atraz,40,100,100,,100.0
2,703,13,1,Imaz,0,15,20,0.04,93.9
2,704,13,2,Imaz,0,0,0,0.41,35.5
2,705,13,3,Imaz,10,15,15,0.14,78.2
2,706,13,4,Imaz,10,5,0,0.38,40.3
2,707,13,5,Imaz,0,0,0,0.38,40.3
2,708,13,6,Imaz,0,0,0,0.72,-13.4
2,709,13,1,Paraq,100,100,100,,100.0
2,710,13,2,Paraq,100,100,100,,100.0
2,711,13,3,Paraq,100,100,100,,100.0
2,712,13,4,Paraq,100,100,100,,100.0
2,713,13,5,Paraq,100,100,100,,100.0
2,714,13,6,Paraq,100,100,100,,100.0
2,715,13,1,Saflu,100,100,100,,100.0
2,716,13,2,Saflu,100,100,100,,100.0
2,717,13,3,Saflu,100,100,100,,100.0
2,718,13,4,Saflu,100,100,100,,100.0
2,719,13,5,Saflu,100,100,100,,100.0
2,720,13,6,Saflu,100,100,100,,100.0
2,721,13,1,Check,0,0,0,0.55,
2,722,13,2,Check,0,0,0,0.60,
2,723,13,3,Check,0,0,0,0.97,
2,724,13,4,Check,0,0,0,0.42,
2,725,13,5,Check,0,0,0,0.50,
2,726,13,6,Check,0,0,0,0.77,
2,727,14,1,1x Gly,0,0,0,0.69,-21.1
2,728,14,2,1x Gly,10,10,15,0.08,86.2
2,729,14,3,1x Gly,5,5,0,0.31,45.7
2,730,14,4,1x Gly,5,10,10,0.11,80.9
2,731,14,5,1x Gly,0,0,0,0.40,29.9
2,732,14,6,1x Gly,0,5,10,0.14,75.7
2,733,14,1,3x Gly,10,20,25,0.06,89.7
2,734,14,2,3x Gly,10,15,15,0.23,59.8
2,735,14,3,3x Gly,5,5,5,0.30,47.5
2,736,14,4,3x Gly,20,40,50,0.04,93.3
2,737,14,5,3x Gly,20,30,25,,100.0
2,738,14,6,3x Gly,0,5,5,0.29,49.3
2,739,14,1,Mesot,25,55,75,,100.0
2,740,14,2,Mesot,25,60,75,0.08,86.2
2,741,14,3,Mesot,30,45,75,0.19,66.9
2,742,14,4,Mesot,25,50,80,0.07,88.0
2,743,14,5,Mesot,25,60,100,,100.0
2,744,14,6,Mesot,25,55,100,,100.0
2,745,14,1,"2,4-D",40,70,90,0.03,95.0
2,746,14,2,"2,4-D",45,80,95,,100.0
2,747,14,3,"2,4-D",40,75,80,0.11,80.9
2,748,14,4,"2,4-D",40,80,90,0.09,84.5
2,749,14,5,"2,4-D",40,70,85,0.03,95.0
2,750,14,6,"2,4-D",45,75,85,0.01,98.5
2,751,14,1,Dicam,40,70,80,,100.0
2,752,14,2,Dicam,35,70,85,,100.0
2,753,14,3,Dicam,35,80,85,,100.0
2,754,14,4,Dicam,35,75,80,0.01,98.5
2,755,14,5,Dicam,40,80,85,,100.0
2,756,14,6,Dicam,35,75,80,0.00,100.3
2,757,14,1,Gluf,90,100,100,,100.0
2,758,14,2,Gluf,100,100,100,,100.0
2,759,14,3,Gluf,90,100,100,,100.0
2,760,14,4,Gluf,95,100,100,,100.0
2,761,14,5,Gluf,90,100,100,,100.0
2,762,14,6,Gluf,95,100,100,,100.0
2,763,14,1,Atraz,30,100,100,,100.0
2,764,14,2,Atraz,35,100,100,,100.0
2,765,14,3,Atraz,30,100,100,,100.0
2,766,14,4,Atraz,30,100,100,,100.0
2,767,14,5,Atraz,40,100,100,,100.0
2,768,14,6,Atraz,45,100,100,,100.0
2,769,14,1,Imaz,0,0,0,0.45,21.1
2,770,14,2,Imaz,0,10,5,0.16,72.1
2,771,14,3,Imaz,5,5,5,0.43,24.6
2,772,14,4,Imaz,15,10,5,0.36,37.0
2,773,14,5,Imaz,10,10,5,0.40,29.9
2,774,14,6,Imaz,0,10,35,0.18,68.6
2,775,14,1,Paraq,100,100,100,,100.0
2,776,14,2,Paraq,100,100,100,,100.0
2,777,14,3,Paraq,100,100,100,,100.0
2,778,14,4,Paraq,100,100,100,,100.0
2,779,14,5,Paraq,100,100,100,,100.0
2,780,14,6,Paraq,100,100,100,,100.0
2,781,14,1,Saflu,100,100,100,,100.0
2,782,14,2,Saflu,100,100,100,,100.0
2,783,14,3,Saflu,100,100,100,,100.0
2,784,14,4,Saflu,100,100,100,,100.0
2,785,14,5,Saflu,100,100,100,,100.0
2,786,14,6,Saflu,100,100,100,,100.0
2,787,14,1,Check,0,0,0,0.61,
2,788,14,2,Check,0,0,0,0.50,
2,789,14,3,Check,0,0,0,0.08,
2,790,14,4,Check,0,0,0,0.73,
2,791,14,5,Check,0,0,0,0.72,
2,792,14,6,Check,0,0,0,0.78,
2,793,15,1,1x Gly,0,0,0,0.71,5.8
2,794,15,2,1x Gly,0,0,0,0.63,16.4
2,795,15,3,1x Gly,0,0,0,0.34,55.0
2,796,15,4,1x Gly,0,0,0,0.57,24.4
2,797,15,5,1x Gly,0,0,0,0.32,57.6
2,798,15,6,1x Gly,10,35,25,0.01,98.9
2,799,15,1,3x Gly,25,25,30,,100.0
2,800,15,2,3x Gly,0,10,5,0.28,63.0
2,801,15,3,3x Gly,0,5,15,0.27,64.3
2,802,15,4,3x Gly,5,20,20,0.27,64.3
2,803,15,5,3x Gly,15,25,20,0.30,60.3
2,804,15,6,3x Gly,20,20,20,0.15,80.3
2,805,15,1,Mesot,35,55,90,,100.0
2,806,15,2,Mesot,40,50,70,0.11,85.6
2,807,15,3,Mesot,45,55,100,,100.0
2,808,15,4,Mesot,40,55,80,0.02,97.6
2,809,15,5,Mesot,35,55,90,,100.0
2,810,15,6,Mesot,35,50,70,0.13,82.9
2,811,15,1,"2,4-D",35,70,95,0.04,94.9
2,812,15,2,"2,4-D",40,70,95,0.11,85.6
2,813,15,3,"2,4-D",40,70,90,0.02,97.6
2,814,15,4,"2,4-D",40,70,95,,100.0
2,815,15,5,"2,4-D",45,65,95,,100.0
2,816,15,6,"2,4-D",35,70,85,,100.0
2,817,15,1,Dicam,35,75,100,,100.0
2,818,15,2,Dicam,40,70,95,,100.0
2,819,15,3,Dicam,40,80,100,,100.0
2,820,15,4,Dicam,40,75,95,0.02,97.6
2,821,15,5,Dicam,70,100,100,,100.0
2,822,15,6,Dicam,40,80,90,,100.0
2,823,15,1,Gluf,90,100,100,,100.0
2,824,15,2,Gluf,90,100,100,,100.0
2,825,15,3,Gluf,100,100,100,,100.0
2,826,15,4,Gluf,100,100,100,,100.0
2,827,15,5,Gluf,95,100,100,,100.0
2,828,15,6,Gluf,100,100,100,,100.0
2,829,15,1,Atraz,20,100,100,,100.0
2,830,15,2,Atraz,65,100,100,,100.0
2,831,15,3,Atraz,70,100,100,,100.0
2,832,15,4,Atraz,45,100,100,,100.0
2,833,15,5,Atraz,65,100,100,,100.0
2,834,15,6,Atraz,65,100,100,,100.0
2,835,15,1,Imaz,15,40,30,,100.0
2,836,15,2,Imaz,15,10,0,0.57,24.4
2,837,15,3,Imaz,10,10,5,0.45,40.4
2,838,15,4,Imaz,10,15,10,0.14,81.6
2,839,15,5,Imaz,10,15,0,0.30,60.3
2,840,15,6,Imaz,10,15,5,0.24,68.3
2,841,15,1,Paraq,100,100,100,,100.0
2,842,15,2,Paraq,100,100,100,,100.0
2,843,15,3,Paraq,100,100,100,,100.0
2,844,15,4,Paraq,100,100,100,,100.0
2,845,15,5,Paraq,100,100,100,,100.0
2,846,15,6,Paraq,100,100,100,,100.0
2,847,15,1,Saflu,100,100,100,,100.0
2,848,15,2,Saflu,100,100,100,,100.0
2,849,15,3,Saflu,100,100,100,,100.0
2,850,15,4,Saflu,100,100,100,,100.0
2,851,15,5,Saflu,100,100,100,,100.0
2,852,15,6,Saflu,100,100,100,,100.0
2,853,15,1,Check,0,0,0,0.56,
2,854,15,2,Check,0,0,0,0.99,
2,855,15,3,Check,0,0,0,0.96,
2,856,15,4,Check,0,0,0,0.84,
2,857,15,5,Check,0,0,0,0.56,
2,858,15,6,Check,0,0,0,0.61,
2,859,16,1,1x Gly,10,20,30,,100.0
2,860,16,2,1x Gly,0,0,0,1.06,-42.7
2,861,16,3,1x Gly,0,0,0,0.35,53.0
2,862,16,4,1x Gly,0,0,0,0.35,53.0
2,863,16,5,1x Gly,0,0,0,0.26,65.2
2,864,16,6,1x Gly,0,5,5,0.13,82.7
2,865,16,1,3x Gly,15,15,15,0.13,82.7
2,866,16,2,3x Gly,25,20,20,0.08,89.4
2,867,16,3,3x Gly,15,20,30,0.01,98.9
2,868,16,4,3x Gly,50,100,100,,100.0
2,869,16,5,3x Gly,30,90,100,,100.0
2,870,16,6,3x Gly,15,10,10,0.12,84.0
2,871,16,1,Mesot,20,55,100,,100.0
2,872,16,2,Mesot,30,55,100,,100.0
2,873,16,3,Mesot,35,90,100,,100.0
2,874,16,4,Mesot,25,80,100,,100.0
2,875,16,5,Mesot,25,50,90,,100.0
2,876,16,6,Mesot,35,60,100,,100.0
2,877,16,1,"2,4-D",30,75,95,,100.0
2,878,16,2,"2,4-D",30,80,100,,100.0
2,879,16,3,"2,4-D",30,70,100,,100.0
2,880,16,4,"2,4-D",40,65,65,0.04,94.8
2,881,16,5,"2,4-D",35,75,90,,100.0
2,882,16,6,"2,4-D",35,75,90,0.02,97.5
2,883,16,1,Dicam,40,70,90,0.07,90.8
2,884,16,2,Dicam,45,75,85,0.04,94.8
2,885,16,3,Dicam,35,80,90,,100.0
2,886,16,4,Dicam,45,75,85,,100.0
2,887,16,5,Dicam,45,85,95,,100.0
2,888,16,6,Dicam,50,70,85,,100.0
2,889,16,1,Gluf,95,100,100,,100.0
2,890,16,2,Gluf,100,100,100,,100.0
2,891,16,3,Gluf,90,100,100,,100.0
2,892,16,4,Gluf,90,100,100,,100.0
2,893,16,5,Gluf,95,100,100,,100.0
2,894,16,6,Gluf,90,100,100,,100.0
2,895,16,1,Atraz,40,100,100,,100.0
2,896,16,2,Atraz,30,100,100,,100.0
2,897,16,3,Atraz,30,100,100,,100.0
2,898,16,4,Atraz,45,100,100,,100.0
2,899,16,5,Atraz,30,100,100,,100.0
2,900,16,6,Atraz,30,100,100,,100.0
2,901,16,1,Imaz,15,10,0,0.25,66.5
2,902,16,2,Imaz,10,10,0,0.37,50.3
2,903,16,3,Imaz,10,5,0,0.31,58.4
2,904,16,4,Imaz,10,5,5,0.11,85.4
2,905,16,5,Imaz,5,5,0,0.55,26.1
2,906,16,6,Imaz,10,0,0,0.42,43.6
2,907,16,1,Paraq,100,100,100,,100.0
2,908,16,2,Paraq,100,100,100,,100.0
2,909,16,3,Paraq,100,100,100,,100.0
2,910,16,4,Paraq,100,100,100,,100.0
2,911,16,5,Paraq,100,100,100,,100.0
2,912,16,6,Paraq,100,100,100,,100.0
2,913,16,1,Saflu,100,100,100,,100.0
2,914,16,2,Saflu,100,100,100,,100.0
2,915,16,3,Saflu,100,100,100,,100.0
2,916,16,4,Saflu,100,100,100,,100.0
2,917,16,5,Saflu,100,100,100,,100.0
2,918,16,6,Saflu,100,100,100,,100.0
2,919,16,1,Check,0,0,0,0.91,
2,920,16,2,Check,0,0,0,0.87,
2,921,16,3,Check,0,0,0,0.56,
2,922,16,4,Check,0,0,0,0.63,
2,923,16,5,Check,0,0,0,0.94,
2,924,16,6,Check,0,0,0,0.55,
2,925,17,1,1x Gly,0,5,10,0.08,82.3
2,926,17,2,1x Gly,10,5,10,0.05,89.1
2,927,17,3,1x Gly,5,5,10,0.00,100.4
2,928,17,4,1x Gly,5,15,10,0.07,84.5
2,929,17,5,1x Gly,10,10,5,0.17,61.9
2,930,17,6,1x Gly,5,20,5,0.28,37.0
2,931,17,1,3x Gly,20,40,60,,100.0
2,932,17,2,3x Gly,20,35,50,,100.0
2,933,17,3,3x Gly,25,40,60,,100.0
2,934,17,4,3x Gly,20,50,100,,100.0
2,935,17,5,3x Gly,15,50,100,,100.0
2,936,17,6,3x Gly,30,85,100,,100.0
2,937,17,1,Mesot,25,70,100,,100.0
2,938,17,2,Mesot,25,65,100,,100.0
2,939,17,3,Mesot,25,80,100,,100.0
2,940,17,4,Mesot,30,90,100,,100.0
2,941,17,5,Mesot,25,50,95,,100.0
2,942,17,6,Mesot,40,70,100,,100.0
2,943,17,1,"2,4-D",50,65,90,,100.0
2,944,17,2,"2,4-D",40,70,90,0.04,91.3
2,945,17,3,"2,4-D",35,65,100,,100.0
2,946,17,4,"2,4-D",40,65,95,,100.0
2,947,17,5,"2,4-D",50,70,100,,100.0
2,948,17,6,"2,4-D",45,60,95,,100.0
2,949,17,1,Dicam,35,75,85,,100.0
2,950,17,2,Dicam,40,70,85,,100.0
2,951,17,3,Dicam,40,75,100,,100.0
2,952,17,4,Dicam,35,90,100,,100.0
2,953,17,5,Dicam,45,65,95,,100.0
2,954,17,6,Dicam,55,80,100,,100.0
2,955,17,1,Gluf,100,100,100,,100.0
2,956,17,2,Gluf,100,100,100,,100.0
2,957,17,3,Gluf,100,100,100,,100.0
2,958,17,4,Gluf,100,100,100,,100.0
2,959,17,5,Gluf,100,100,100,,100.0
2,960,17,6,Gluf,100,100,100,,100.0
2,961,17,1,Atraz,80,100,100,,100.0
2,962,17,2,Atraz,70,100,100,,100.0
2,963,17,3,Atraz,60,100,100,,100.0
2,964,17,4,Atraz,80,100,100,,100.0
2,965,17,5,Atraz,80,100,100,,100.0
2,966,17,6,Atraz,60,100,100,,100.0
2,967,17,1,Imaz,0,0,0,0.29,34.7
2,968,17,2,Imaz,0,0,0,0.45,-1.5
2,969,17,3,Imaz,5,0,0,0.21,52.8
2,970,17,4,Imaz,0,0,0,0.28,37.0
2,971,17,5,Imaz,5,0,0,0.27,39.2
2,972,17,6,Imaz,5,0,0,0.32,27.9
2,973,17,1,Paraq,100,100,100,,100.0
2,974,17,2,Paraq,100,100,100,,100.0
2,975,17,3,Paraq,100,100,100,,100.0
2,976,17,4,Paraq,100,100,100,,100.0
2,977,17,5,Paraq,100,100,100,,100.0
2,978,17,6,Paraq,100,100,100,,100.0
2,979,17,1,Saflu,100,100,100,,100.0
2,980,17,2,Saflu,100,100,100,,100.0
2,981,17,3,Saflu,100,100,100,,100.0
2,982,17,4,Saflu,100,100,100,,100.0
2,983,17,5,Saflu,100,100,100,,100.0
2,984,17,6,Saflu,100,100,100,,100.0
2,985,17,1,Check,0,0,0,0.50,
2,986,17,2,Check,0,0,0,0.34,
2,987,17,3,Check,0,0,0,0.41,
2,988,17,4,Check,0,0,0,0.25,
2,989,17,5,Check,0,0,0,0.62,
2,990,17,6,Check,0,0,0,0.54,
2,991,18,1,1x Gly,10,15,15,,100.0
2,992,18,2,1x Gly,5,10,5,0.18,57.7
2,993,18,3,1x Gly,0,5,15,,100.0
2,994,18,4,1x Gly,5,5,20,0.02,95.7
2,995,18,5,1x Gly,0,0,0,0.34,19.8
2,996,18,6,1x Gly,0,10,15,0.02,95.7
2,997,18,1,3x Gly,20,40,100,,100.0
2,998,18,2,3x Gly,15,55,95,,100.0
2,999,18,3,3x Gly,25,95,100,,100.0
2,1000,18,4,3x Gly,25,85,100,,100.0
2,1001,18,5,3x Gly,30,80,100,,100.0
2,1002,18,6,3x Gly,25,35,60,,100.0
2,1003,18,1,Mesot,35,50,100,,100.0
2,1004,18,2,Mesot,40,45,90,,100.0
2,1005,18,3,Mesot,35,40,85,,100.0
2,1006,18,4,Mesot,10,35,100,,100.0
2,1007,18,5,Mesot,25,60,100,,100.0
2,1008,18,6,Mesot,35,50,70,0.10,76.7
2,1009,18,1,"2,4-D",40,70,90,0.00,100.4
2,1010,18,2,"2,4-D",35,65,95,0.09,79.1
2,1011,18,3,"2,4-D",35,75,95,0.20,53.0
2,1012,18,4,"2,4-D",45,70,85,0.04,90.9
2,1013,18,5,"2,4-D",40,70,90,0.07,83.8
2,1014,18,6,"2,4-D",45,80,100,,100.0
2,1015,18,1,Dicam,45,70,80,,100.0
2,1016,18,2,Dicam,55,75,80,,100.0
2,1017,18,3,Dicam,45,75,80,,100.0
2,1018,18,4,Dicam,35,75,100,,100.0
2,1019,18,5,Dicam,40,75,80,,100.0
2,1020,18,6,Dicam,30,75,95,,100.0
2,1021,18,1,Gluf,95,100,100,,100.0
2,1022,18,2,Gluf,100,100,100,,100.0
2,1023,18,3,Gluf,100,100,100,,100.0
2,1024,18,4,Gluf,100,100,100,,100.0
2,1025,18,5,Gluf,100,100,100,,100.0
2,1026,18,6,Gluf,100,100,100,,100.0
2,1027,18,1,Atraz,50,100,100,,100.0
2,1028,18,2,Atraz,50,100,100,,100.0
2,1029,18,3,Atraz,40,100,100,,100.0
2,1030,18,4,Atraz,50,100,100,,100.0
2,1031,18,5,Atraz,60,100,100,,100.0
2,1032,18,6,Atraz,65,100,100,,100.0
2,1033,18,1,Imaz,5,5,10,0.11,74.3
2,1034,18,2,Imaz,0,0,0,0.19,55.3
2,1035,18,3,Imaz,10,0,0,0.23,45.8
2,1036,18,4,Imaz,0,0,0,0.76,-79.8
2,1037,18,5,Imaz,5,0,0,0.32,24.5
2,1038,18,6,Imaz,0,0,0,0.74,-75.1
2,1039,18,1,Paraq,100,100,100,,100.0
2,1040,18,2,Paraq,100,100,100,,100.0
2,1041,18,3,Paraq,100,100,100,,100.0
2,1042,18,4,Paraq,100,100,100,,100.0
2,1043,18,5,Paraq,100,100,100,,100.0
2,1044,18,6,Paraq,100,100,100,,100.0
2,1045,18,1,Saflu,100,100,100,,100.0
2,1046,18,2,Saflu,100,100,100,,100.0
2,1047,18,3,Saflu,100,100,100,,100.0
2,1048,18,4,Saflu,100,100,100,,100.0
2,1049,18,5,Saflu,100,100,100,,100.0
2,1050,18,6,Saflu,100,100,100,,100.0
2,1051,18,1,Check,0,0,0,0.59,
2,1052,18,2,Check,0,0,0,0.38,
2,1053,18,3,Check,0,0,0,0.20,
2,1054,18,4,Check,0,0,0,0.52,
2,1055,18,5,Check,0,0,0,0.60,
2,1056,18,6,Check,0,0,0,0.25,
2,1057,19,1,1x Gly,10,10,10,0.06,87.1
2,1058,19,2,1x Gly,10,15,10,0.22,51.7
2,1059,19,3,1x Gly,5,15,20,0.01,98.2
2,1060,19,4,1x Gly,0,10,10,0.03,93.7
2,1061,19,5,1x Gly,10,10,5,0.14,69.4
2,1062,19,6,1x Gly,10,15,5,0.19,58.3
2,1063,19,1,3x Gly,20,60,90,,100.0
2,1064,19,2,3x Gly,10,10,15,0.03,93.7
2,1065,19,3,3x Gly,30,85,100,,100.0
2,1066,19,4,3x Gly,15,90,100,,100.0
2,1067,19,5,3x Gly,15,40,90,0.05,89.3
2,1068,19,6,3x Gly,25,70,100,,100.0
2,1069,19,1,Mesot,30,45,95,,100.0
2,1070,19,2,Mesot,35,65,100,,100.0
2,1071,19,3,Mesot,40,60,100,,100.0
2,1072,19,4,Mesot,40,55,100,,100.0
2,1073,19,5,Mesot,25,50,100,,100.0
2,1074,19,6,Mesot,30,70,100,,100.0
2,1075,19,1,"2,4-D",45,65,100,,100.0
2,1076,19,2,"2,4-D",45,80,100,,100.0
2,1077,19,3,"2,4-D",40,65,90,,100.0
2,1078,19,4,"2,4-D",40,65,90,,100.0
2,1079,19,5,"2,4-D",50,80,95,,100.0
2,1080,19,6,"2,4-D",45,70,95,,100.0
2,1081,19,1,Dicam,50,80,85,0.04,91.5
2,1082,19,2,Dicam,50,75,85,,100.0
2,1083,19,3,Dicam,45,75,85,0.07,84.9
2,1084,19,4,Dicam,50,80,90,,100.0
2,1085,19,5,Dicam,40,70,85,0.10,78.2
2,1086,19,6,Dicam,40,75,90,0.05,89.3
2,1087,19,1,Gluf,90,100,100,,100.0
2,1088,19,2,Gluf,85,100,100,,100.0
2,1089,19,3,Gluf,100,100,100,,100.0
2,1090,19,4,Gluf,95,100,100,,100.0
2,1091,19,5,Gluf,95,100,100,,100.0
2,1092,19,6,Gluf,95,100,100,,100.0
2,1093,19,1,Atraz,30,100,100,,100.0
2,1094,19,2,Atraz,45,100,100,,100.0
2,1095,19,3,Atraz,45,100,100,,100.0
2,1096,19,4,Atraz,40,100,100,,100.0
2,1097,19,5,Atraz,85,100,100,,100.0
2,1098,19,6,Atraz,30,100,100,,100.0
2,1099,19,1,Imaz,0,0,0,0.59,-30.6
2,1100,19,2,Imaz,0,0,0,0.70,-54.6
2,1101,19,3,Imaz,5,5,0,0.35,22.9
2,1102,19,4,Imaz,0,0,0,0.70,-54.6
2,1103,19,5,Imaz,0,0,0,0.26,42.8
2,1104,19,6,Imaz,0,0,0,0.20,56.1
2,1105,19,1,Paraq,100,100,100,,100.0
2,1106,19,2,Paraq,100,100,100,,100.0
2,1107,19,3,Paraq,100,100,100,,100.0
2,1108,19,4,Paraq,100,100,100,,100.0
2,1109,19,5,Paraq,100,100,100,,100.0
2,1110,19,6,Paraq,100,100,100,,100.0
2,1111,19,1,Saflu,100,100,100,,100.0
2,1112,19,2,Saflu,100,100,100,,100.0
2,1113,19,3,Saflu,100,100,100,,100.0
2,1114,19,4,Saflu,100,100,100,,100.0
2,1115,19,5,Saflu,100,100,100,,100.0
2,1116,19,6,Saflu,100,100,100,,100.0
2,1117,19,1,Check,0,0,0,0.33,
2,1118,19,2,Check,0,0,0,0.54,
2,1119,19,3,Check,0,0,0,0.65,
2,1120,19,4,Check,0,0,0,0.37,
2,1121,19,5,Check,0,0,0,0.57,
2,1122,19,6,Check,0,0,0,0.26,
2,1123,20,1,1x Gly,10,10,5,0.19,45.4
2,1124,20,2,1x Gly,0,20,5,0.25,28.0
2,1125,20,3,1x Gly,5,5,0,0.11,68.6
2,1126,20,4,1x Gly,0,10,0,0.41,-18.4
2,1127,20,5,1x Gly,0,20,10,0.14,59.9
2,1128,20,6,1x Gly,0,15,5,0.37,-6.8
2,1129,20,1,3x Gly,40,55,70,0.04,88.9
2,1130,20,2,3x Gly,50,50,60,0.06,83.1
2,1131,20,3,3x Gly,25,60,60,0.17,51.2
2,1132,20,4,3x Gly,15,45,45,0.00,100.5
2,1133,20,5,3x Gly,30,70,85,,100.0
2,1134,20,6,3x Gly,40,65,85,0.08,77.3
2,1135,20,1,Mesot,20,45,100,,100.0
2,1136,20,2,Mesot,35,50,75,0.02,94.7
2,1137,20,3,Mesot,30,40,90,0.08,77.3
2,1138,20,4,Mesot,20,40,80,0.02,94.7
2,1139,20,5,Mesot,30,50,100,0.01,97.6
2,1140,20,6,Mesot,15,35,100,,100.0
2,1141,20,1,"2,4-D",35,60,70,0.08,77.3
2,1142,20,2,"2,4-D",30,70,80,0.18,48.3
2,1143,20,3,"2,4-D",35,60,75,0.08,77.3
2,1144,20,4,"2,4-D",35,60,80,0.04,88.9
2,1145,20,5,"2,4-D",30,60,80,0.11,68.6
2,1146,20,6,"2,4-D",30,65,75,0.15,57.0
2,1147,20,1,Dicam,45,65,80,,100.0
2,1148,20,2,Dicam,45,65,85,0.01,97.6
2,1149,20,3,Dicam,50,70,85,,100.0
2,1150,20,4,Dicam,50,90,100,,100.0
2,1151,20,5,Dicam,60,85,100,,100.0
2,1152,20,6,Dicam,60,90,100,,100.0
2,1153,20,1,Gluf,95,100,100,,100.0
2,1154,20,2,Gluf,100,100,100,,100.0
2,1155,20,3,Gluf,95,100,100,,100.0
2,1156,20,4,Gluf,100,100,100,,100.0
2,1157,20,5,Gluf,95,100,100,,100.0
2,1158,20,6,Gluf,100,100,100,,100.0
2,1159,20,1,Atraz,55,100,100,,100.0
2,1160,20,2,Atraz,60,100,100,,100.0
2,1161,20,3,Atraz,60,100,100,,100.0
2,1162,20,4,Atraz,65,100,100,,100.0
2,1163,20,5,Atraz,50,100,100,,100.0
2,1164,20,6,Atraz,100,100,100,,100.0
2,1165,20,1,Imaz,10,5,0,0.20,42.5
2,1166,20,2,Imaz,10,10,5,0.04,88.9
2,1167,20,3,Imaz,10,0,0,0.68,-96.6
2,1168,20,4,Imaz,5,10,10,0.07,80.2
2,1169,20,5,Imaz,5,5,0,0.26,25.1
2,1170,20,6,Imaz,0,5,5,0.06,83.1
2,1171,20,1,Paraq,100,100,100,,100.0
2,1172,20,2,Paraq,100,100,100,,100.0
2,1173,20,3,Paraq,100,100,100,,100.0
2,1174,20,4,Paraq,100,100,100,,100.0
2,1175,20,5,Paraq,100,100,100,,100.0
2,1176,20,6,Paraq,100,100,100,,100.0
2,1177,20,1,Saflu,100,100,100,,100.0
2,1178,20,2,Saflu,100,100,100,,100.0
2,1179,20,3,Saflu,100,100,100,,100.0
2,1180,20,4,Saflu,100,100,100,,100.0
2,1181,20,5,Saflu,100,100,100,,100.0
2,1182,20,6,Saflu,100,100,100,,100.0
2,1183,20,1,Check,0,0,0,0.66,
2,1184,20,2,Check,0,0,0,0.03,
2,1185,20,3,Check,0,0,0,0.46,
2,1186,20,4,Check,0,0,0,0.07,
2,1187,20,5,Check,0,0,0,0.24,
2,1188,20,6,Check,0,0,0,0.62,
2,1189,22,1,1x Gly,35,35,35,0.05,82.4
2,1190,22,2,1x Gly,70,100,100,,100.0
2,1191,22,3,1x Gly,100,100,100,,100.0
2,1192,22,4,1x Gly,5,5,10,0.02,93.3
2,1193,22,5,1x Gly,20,10,10,0.05,82.4
2,1194,22,6,1x Gly,0,0,0,0.17,38.8
2,1195,22,1,3x Gly,25,100,100,,100.0
2,1196,22,2,3x Gly,15,100,100,,100.0
2,1197,22,3,3x Gly,15,70,100,,100.0
2,1198,22,4,3x Gly,20,100,100,,100.0
2,1199,22,5,3x Gly,60,100,100,,100.0
2,1200,22,6,3x Gly,15,80,100,,100.0
2,1201,22,1,Mesot,30,45,60,0.27,2.4
2,1202,22,2,Mesot,35,45,90,,100.0
2,1203,22,3,Mesot,30,40,100,,100.0
2,1204,22,4,Mesot,30,40,85,0.01,97.0
2,1205,22,5,Mesot,35,45,100,,100.0
2,1206,22,6,Mesot,30,45,60,0.18,34.5
2,1207,22,1,"2,4-D",30,75,100,,100.0
2,1208,22,2,"2,4-D",20,100,100,,100.0
2,1209,22,3,"2,4-D",35,70,95,,100.0
2,1210,22,4,"2,4-D",35,95,100,,100.0
2,1211,22,5,"2,4-D",30,80,95,,100.0
2,1212,22,6,"2,4-D",25,55,65,0.20,27.9
2,1213,22,1,Dicam,35,100,100,,100.0
2,1214,22,2,Dicam,30,90,100,,100.0
2,1215,22,3,Dicam,35,75,100,,100.0
2,1216,22,4,Dicam,35,95,100,,100.0
2,1217,22,5,Dicam,40,75,95,,100.0
2,1218,22,6,Dicam,45,95,100,,100.0
2,1219,22,1,Gluf,90,100,100,,100.0
2,1220,22,2,Gluf,95,100,100,,100.0
2,1221,22,3,Gluf,100,100,100,,100.0
2,1222,22,4,Gluf,100,100,100,,100.0
2,1223,22,5,Gluf,100,100,100,,100.0
2,1224,22,6,Gluf,100,100,100,,100.0
2,1225,22,1,Atraz,90,100,100,,100.0
2,1226,22,2,Atraz,50,100,100,,100.0
2,1227,22,3,Atraz,80,100,100,,100.0
2,1228,22,4,Atraz,100,100,100,,100.0
2,1229,22,5,Atraz,60,100,100,,100.0
2,1230,22,6,Atraz,85,100,100,,100.0
2,1231,22,1,Imaz,0,40,100,,100.0
2,1232,22,2,Imaz,10,25,25,,100.0
2,1233,22,3,Imaz,10,20,10,0.16,42.4
2,1234,22,4,Imaz,5,20,5,0.18,35.2
2,1235,22,5,Imaz,10,100,100,,100.0
2,1236,22,6,Imaz,0,15,5,0.28,-1.2
2,1237,22,1,Paraq,100,100,100,,100.0
2,1238,22,2,Paraq,100,100,100,,100.0
2,1239,22,3,Paraq,100,100,100,,100.0
2,1240,22,4,Paraq,100,100,100,,100.0
2,1241,22,5,Paraq,100,100,100,,100.0
2,1242,22,6,Paraq,100,100,100,,100.0
2,1243,22,1,Saflu,100,100,100,,100.0
2,1244,22,2,Saflu,100,100,100,,100.0
2,1245,22,3,Saflu,100,100,100,,100.0
2,1246,22,4,Saflu,100,100,100,,100.0
2,1247,22,5,Saflu,100,100,100,,100.0
2,1248,22,6,Saflu,100,100,100,,100.0
2,1249,22,1,Check,0,0,0,0.04,
2,1250,22,2,Check,0,0,0,,
2,1251,22,3,Check,0,0,0,,
2,1252,22,4,Check,0,0,0,0.63,
2,1253,22,5,Check,0,0,0,,
2,1254,22,6,Check,0,0,0,0.16,
2,1255,23,1,1x Gly,10,10,10,,100.0
2,1256,23,2,1x Gly,5,10,10,,100.0
2,1257,23,3,1x Gly,0,0,0,0.16,34.1
2,1258,23,4,1x Gly,0,0,0,0.13,46.6
2,1259,23,5,1x Gly,0,0,0,0.09,63.2
2,1260,23,6,1x Gly,0,0,0,0.16,34.1
2,1261,23,1,3x Gly,40,40,40,0.02,92.4
2,1262,23,2,3x Gly,10,95,100,,100.0
2,1263,23,3,3x Gly,20,90,100,,100.0
2,1264,23,4,3x Gly,50,95,100,,100.0
2,1265,23,5,3x Gly,20,60,90,,100.0
2,1266,23,6,3x Gly,15,65,100,,100.0
2,1267,23,1,Mesot,35,50,80,0.00,100.7
2,1268,23,2,Mesot,20,35,90,,100.0
2,1269,23,3,Mesot,25,45,100,,100.0
2,1270,23,4,Mesot,15,25,95,,100.0
2,1271,23,5,Mesot,30,35,85,,100.0
2,1272,23,6,Mesot,15,35,80,0.00,100.7
2,1273,23,1,"2,4-D",35,65,100,,100.0
2,1274,23,2,"2,4-D",25,90,100,,100.0
2,1275,23,3,"2,4-D",30,85,95,,100.0
2,1276,23,4,"2,4-D",35,60,65,0.00,100.7
2,1277,23,5,"2,4-D",45,85,100,,100.0
2,1278,23,6,"2,4-D",30,60,85,0.02,92.4
2,1279,23,1,Dicam,50,65,85,0.04,84.0
2,1280,23,2,Dicam,45,75,95,,100.0
2,1281,23,3,Dicam,50,65,95,,100.0
2,1282,23,4,Dicam,45,60,80,0.03,88.2
2,1283,23,5,Dicam,55,80,100,,100.0
2,1284,23,6,Dicam,50,70,85,,100.0
2,1285,23,1,Gluf,90,100,100,,100.0
2,1286,23,2,Gluf,95,100,100,,100.0
2,1287,23,3,Gluf,95,100,100,,100.0
2,1288,23,4,Gluf,95,100,100,,100.0
2,1289,23,5,Gluf,90,100,100,,100.0
2,1290,23,6,Gluf,90,100,100,,100.0
2,1291,23,1,Atraz,70,100,100,,100.0
2,1292,23,2,Atraz,65,100,100,,100.0
2,1293,23,3,Atraz,80,100,100,,100.0
2,1294,23,4,Atraz,70,100,100,,100.0
2,1295,23,5,Atraz,80,100,100,,100.0
2,1296,23,6,Atraz,60,100,100,,100.0
2,1297,23,1,Imaz,5,0,0,0.23,5.0
2,1298,23,2,Imaz,10,15,20,0.05,79.9
2,1299,23,3,Imaz,10,15,20,,100.0
2,1300,23,4,Imaz,5,0,0,0.11,54.9
2,1301,23,5,Imaz,10,5,5,0.09,63.2
2,1302,23,6,Imaz,10,20,20,0.03,88.2
2,1303,23,1,Paraq,100,100,100,,100.0
2,1304,23,2,Paraq,100,100,100,,100.0
2,1305,23,3,Paraq,100,100,100,,100.0
2,1306,23,4,Paraq,100,100,100,,100.0
2,1307,23,5,Paraq,100,100,100,,100.0
2,1308,23,6,Paraq,100,100,100,,100.0
2,1309,23,1,Saflu,100,100,100,,100.0
2,1310,23,2,Saflu,100,100,100,,100.0
2,1311,23,3,Saflu,100,100,100,,100.0
2,1312,23,4,Saflu,100,100,100,,100.0
2,1313,23,5,Saflu,100,100,100,,100.0
2,1314,23,6,Saflu,100,100,100,,100.0
2,1315,23,1,Check,0,0,0,0.33,
2,1316,23,2,Check,0,0,0,,
2,1317,23,3,Check,0,0,0,0.25,
2,1318,23,4,Check,0,0,0,0.20,
2,1319,23,5,Check,0,0,0,0.40,
2,1320,23,6,Check,0,0,0,0.03,
2,1321,21,1,1x Gly,0,0,0,0.22,52.4
2,1322,21,2,1x Gly,0,0,0,0.20,56.7
2,1323,21,3,1x Gly,5,10,5,0.03,93.8
2,1324,21,4,1x Gly,0,0,0,0.37,19.6
2,1325,21,5,1x Gly,0,0,0,0.37,19.6
2,1326,21,6,1x Gly,10,15,30,,100.0
2,1327,21,1,3x Gly,15,25,40,,100.0
2,1328,21,2,3x Gly,20,15,15,,100.0
2,1329,21,3,3x Gly,15,15,10,0.15,67.6
2,1330,21,4,3x Gly,20,20,25,,100.0
2,1331,21,5,3x Gly,10,35,40,,100.0
2,1332,21,6,3x Gly,40,75,100,,100.0
2,1333,21,1,Mesot,25,50,100,,100.0
2,1334,21,2,Mesot,30,45,100,,100.0
2,1335,21,3,Mesot,10,30,100,,100.0
2,1336,21,4,Mesot,10,50,100,,100.0
2,1337,21,5,Mesot,25,50,90,0.01,98.2
2,1338,21,6,Mesot,25,45,85,0.03,93.8
2,1339,21,1,"2,4-D",40,50,65,,100.0
2,1340,21,2,"2,4-D",40,50,60,0.01,98.2
2,1341,21,3,"2,4-D",35,50,65,0.04,91.6
2,1342,21,4,"2,4-D",35,55,60,,100.0
2,1343,21,5,"2,4-D",45,55,80,0.06,87.3
2,1344,21,6,"2,4-D",35,75,90,,100.0
2,1345,21,1,Dicam,45,75,100,,100.0
2,1346,21,2,Dicam,45,60,85,,100.0
2,1347,21,3,Dicam,55,70,95,,100.0
2,1348,21,4,Dicam,50,75,85,0.02,96.0
2,1349,21,5,Dicam,50,65,90,,100.0
2,1350,21,6,Dicam,55,70,100,,100.0
2,1351,21,1,Gluf,95,100,100,,100.0
2,1352,21,2,Gluf,100,100,100,,100.0
2,1353,21,3,Gluf,100,100,100,,100.0
2,1354,21,4,Gluf,100,100,100,,100.0
2,1355,21,5,Gluf,100,100,100,,100.0
2,1356,21,6,Gluf,100,100,100,,100.0
2,1357,21,1,Atraz,70,100,100,,100.0
2,1358,21,2,Atraz,90,100,100,,100.0
2,1359,21,3,Atraz,80,100,100,,100.0
2,1360,21,4,Atraz,70,100,100,,100.0
2,1361,21,5,Atraz,75,100,100,,100.0
2,1362,21,6,Atraz,75,100,100,,100.0
2,1363,21,1,Imaz,5,10,5,0.09,80.7
2,1364,21,2,Imaz,5,5,5,0.08,82.9
2,1365,21,3,Imaz,10,10,10,,100.0
2,1366,21,4,Imaz,0,5,5,0.02,96.0
2,1367,21,5,Imaz,10,15,10,0.03,93.8
2,1368,21,6,Imaz,0,5,10,0.04,91.6
2,1369,21,1,Paraq,100,100,100,,100.0
2,1370,21,2,Paraq,100,100,100,,100.0
2,1371,21,3,Paraq,100,100,100,,100.0
2,1372,21,4,Paraq,100,100,100,,100.0
2,1373,21,5,Paraq,100,100,100,,100.0
2,1374,21,6,Paraq,100,100,100,,100.0
2,1375,21,1,Saflu,100,100,100,,100.0
2,1376,21,2,Saflu,100,100,100,,100.0
2,1377,21,3,Saflu,100,100,100,,100.0
2,1378,21,4,Saflu,100,100,100,,100.0
2,1379,21,5,Saflu,100,100,100,,100.0
2,1380,21,6,Saflu,100,100,100,,100.0
2,1381,21,1,Check,0,0,0,0.73,-58.9
2,1382,21,2,Check,0,0,0,0.71,-54.5
2,1383,21,3,Check,0,0,0,0.33,28.4
2,1384,21,4,Check,0,0,0,0.56,-21.8
2,1385,21,5,Check,0,0,0,0.57,-24.0
2,1386,21,6,Check,0,0,0,0.39,15.3
2,1387,21,1,1x Gly,0,0,0,0.36,21.8
2,1388,21,2,1x Gly,5,10,5,0.07,85.1
2,1389,21,3,1x Gly,0,0,0,0.35,24.0
2,1390,21,4,1x Gly,0,0,0,0.26,43.6
2,1391,21,5,1x Gly,10,40,60,,100.0
2,1392,21,6,1x Gly,5,15,10,0.19,58.9
2,1393,21,1,3x Gly,10,15,15,,100.0
2,1394,21,2,3x Gly,15,15,20,,100.0
2,1395,21,3,3x Gly,5,5,0,0.17,63.3
2,1396,21,4,3x Gly,5,0,0,0.47,-2.2
2,1397,21,5,3x Gly,10,5,0,0.49,-6.5
2,1398,21,6,3x Gly,15,5,0,0.27,41.5
2,1399,21,1,Mesot,25,35,95,,100.0
2,1400,21,2,Mesot,25,45,65,0.18,61.1
2,1401,21,3,Mesot,15,30,100,,100.0
2,1402,21,4,Mesot,20,40,60,0.34,26.2
2,1403,21,5,Mesot,20,35,95,,100.0
2,1404,21,6,Mesot,30,55,75,0.07,85.1
2,1405,21,1,"2,4-D",35,55,65,0.02,96.0
2,1406,21,2,"2,4-D",30,50,65,0.04,91.6
2,1407,21,3,"2,4-D",40,60,85,0.05,89.5
2,1408,21,4,"2,4-D",40,70,90,,100.0
2,1409,21,5,"2,4-D",35,70,95,,100.0
2,1410,21,6,"2,4-D",30,75,100,,100.0
2,1411,21,1,Dicam,40,80,95,,100.0
2,1412,21,2,Dicam,40,80,100,,100.0
2,1413,21,3,Dicam,45,70,85,0.09,80.7
2,1414,21,4,Dicam,30,70,100,,100.0
2,1415,21,5,Dicam,35,75,95,0.11,76.4
2,1416,21,6,Dicam,40,75,95,0.04,91.6
2,1417,21,1,Gluf,90,100,100,,100.0
2,1418,21,2,Gluf,100,100,100,,100.0
2,1419,21,3,Gluf,95,100,100,,100.0
2,1420,21,4,Gluf,95,100,100,,100.0
2,1421,21,5,Gluf,100,100,100,,100.0
2,1422,21,6,Gluf,90,100,100,,100.0
2,1423,21,1,Atraz,80,100,100,,100.0
2,1424,21,2,Atraz,60,100,100,,100.0
2,1425,21,3,Atraz,65,100,100,,100.0
2,1426,21,4,Atraz,50,100,100,,100.0
2,1427,21,5,Atraz,50,100,100,,100.0
2,1428,21,6,Atraz,80,100,100,,100.0
2,1429,21,1,Imaz,5,5,5,0.22,52.4
2,1430,21,2,Imaz,10,0,0,0.82,-78.5
2,1431,21,3,Imaz,10,0,0,,100.0
2,1432,21,4,Imaz,5,5,5,0.06,87.3
2,1433,21,5,Imaz,20,25,35,0.01,98.2
2,1434,21,6,Imaz,5,10,5,0.08,82.9
2,1435,21,1,Paraq,100,100,100,,100.0
2,1436,21,2,Paraq,100,100,100,,100.0
2,1437,21,3,Paraq,100,100,100,,100.0
2,1438,21,4,Paraq,100,100,100,,100.0
2,1439,21,5,Paraq,100,100,100,,100.0
2,1440,21,6,Paraq,100,100,100,,100.0
2,1441,21,1,Saflu,100,100,100,,100.0
2,1442,21,2,Saflu,100,100,100,,100.0
2,1443,21,3,Saflu,100,100,100,,100.0
2,1444,21,4,Saflu,100,100,100,,100.0
2,1445,21,5,Saflu,100,100,100,,100.0
2,1446,21,6,Saflu,100,100,100,,100.0
2,1447,21,1,Check,0,0,0,0.14,
2,1448,21,2,Check,0,0,0,0.60,
2,1449,21,3,Check,0,0,0,0.72,
2,1450,21,4,Check,0,0,0,1.16,
2,1451,21,5,Check,0,0,0,0.09,
2,1452,21,6,Check,0,0,0,0.05,
